client_id,id_ind,names,sex,birth_date,hometown,occupation_code,marriage,education,remit_bank,remit_branch,remit_account,transfer_bank,transfer_account,card_bank,credit_card_no,sign_ptn_card,risk_suit_seq,fatca_ind
4815412857,1,卓佳蓉,1,085/07/24,茅利塔尼亞,53485,5,4,915,9598,3957034183825553,420,6790699332089512,439,30130192567625,N,18,0
9828655310,5,李家瑋,1,067/12/09,澳門,90013,1,2,893,7348,7277839388610624,810,2847625328476654,535,6011605686040049,Y,69,1
3832464229,6,張威廷,0,013/09/14,澳門,56517,5,2,452,9568,6951724609086285,858,4022547928796263,75,5494086219079317,Y,961,9
9380636233,2,朱惠婷,2,041/01/04,巴哈馬,23816,2,3,109,8531,5928683442302756,470,3782967154127806,76,569119441362,N,532,8
5255370324,6,朱承翰,1,013/07/23,委內瑞拉,26731,2,2,514,7401,5926733976985749,801,4104996609642970,122,568387555465,Y,27,8
1196354844,2,狄彥廷,0,086/10/03,塞內加爾,27159,2,5,945,3899,1396125736292866,835,451006089661884,849,4813098181421270888,Y,425,1
7290923877,4,韓惠雯,2,091/05/13,阿拉伯聯合大公國,99247,5,3,987,153,2144202546175704,737,8468000373378492,532,38165430068673,N,945,9
370062474,2,董志宏,2,095/12/13,巴拿馬,23467,5,2,788,7426,7599732619763514,872,907892010350465,129,2264673151938520,N,566,0
5979687020,6,周嘉玲,0,035/03/16,塞浦路斯,76834,1,5,179,6145,4239973650136044,70,4218372400088218,510,4644730827111,N,354,9
8414418117,4,劉志宏,1,049/11/12,白俄羅斯,12848,5,5,169,2274,4910335060816778,685,2287159801762751,25,3585525715479138,Y,297,1
2577610401,1,陳佳蓉,2,046/05/14,南非,7348,9,2,455,6536,5527943028027493,616,9918654248266061,217,676351706285,Y,854,0
6118146268,5,陳鈺婷,1,078/01/02,納米比亞,93614,5,3,490,4890,2389976886254330,387,9736845645843462,353,2288286049752805,Y,352,1
6248872961,5,李惠雯,0,070/09/09,蒲隆地,17127,1,1,807,4189,5600425543587422,121,2858030838762055,672,4160598590914090986,Y,667,8
7754264060,3,張淑惠,2,091/07/18,葡萄牙,82386,3,3,509,345,440440688116743,613,6091521452269209,583,4041145110951775,N,318,1
6737772114,6,曹俊宏,2,075/10/09,坦尚尼亞,34055,2,1,164,141,8384413668372052,171,3653639202465630,138,587771777402,N,295,0
4789542753,3,夏瑋婷,1,082/09/06,比利時,40614,3,2,246,2200,1920808701108924,972,441287772833138,315,6011358174899209,Y,70,9
7626159816,1,姚瑋婷,1,101/10/30,聖露西亞,14375,9,1,341,6499,9657838006362721,985,8718790775002535,764,4706435968098378053,Y,965,1
9700010003,2,溫惠雯,1,051/10/10,牙買加,76461,9,3,733,2934,6421138430332369,180,3791219118054348,967,344775709903563,Y,766,1
5067161955,2,郭佳慧,0,075/10/15,法屬玻里尼西亞,75977,3,3,246,5148,1955957289280294,135,6523427518770127,376,4803579147835213490,Y,826,0
6800196775,1,張羽,2,081/09/19,捷克,53803,2,4,243,8552,2226183146734334,671,9466118254368450,408,4863132321322785,N,372,9
4648652170,4,楊庭瑋,1,046/08/19,幾內亞,8645,9,2,606,4742,7398053197406148,952,2513430913422174,133,4135206867851472,N,31,8
3024354614,9,劉嘉玲,1,045/10/15,烏干達,44081,2,3,123,7301,8753062805440627,496,46761759824005,431,4432470018764188,Y,401,9
8901553395,3,林家銘,0,018/03/07,塞浦路斯,47891,2,5,655,2446,3875126602818594,885,4038357479492717,994,30446230682600,Y,318,9
418586627,2,張詩涵,0,041/11/26,敘利亞,86283,4,4,746,1910,4988745927784803,667,9386426298843934,93,180064303055279,Y,853,9
149550044,3,黃淑惠,0,054/05/09,加彭,87318,1,2,718,7957,1854564691779751,651,8217227721722449,79,6505064793016679,N,350,1
287888760,9,陳怡君,0,031/12/28,法屬玻里尼西亞,68308,9,3,771,7471,8045926805087122,671,3604405160472424,311,213101302212583,Y,915,8
974483941,4,劉宜君,0,093/04/18,亞塞拜然,88304,4,3,242,8696,650716849836457,799,4206300132019851,50,4529931057511,N,533,9
6100543683,6,何馨儀,1,098/02/24,希臘,1421,9,4,233,6196,6948404171126783,360,181232111630351,355,376440490819905,N,184,0
1677742061,5,王家豪,1,102/10/28,越南,20014,4,2,296,9256,7207532140978078,44,4468577865554425,185,30386502768606,N,91,1
1237087914,9,王彥廷,2,033/01/23,諾魯,27868,5,5,155,9908,4120665584894787,591,6948050213792878,102,639051054588,N,382,1
3903514529,5,韓志偉,1,020/04/06,幾內亞,2184,4,1,806,5234,6712757518246210,882,4129353705215115,554,4663061738762,Y,561,8
9933500688,5,谷郁雯,2,075/11/01,香港,59254,1,1,734,7512,3916439602480934,251,375561928503306,333,6011213587715791,N,45,9
5356108175,6,謝冠廷,0,076/10/25,尚比亞,40084,9,5,70,9918,4808976383434887,737,4902190050116693,603,3523535216907623,N,675,1
2019981416,6,吳瑋婷,2,021/01/09,加拿大,41698,4,5,738,6418,7416920359537209,313,3545972555076335,833,180089517660879,N,96,8
8405306010,9,王龍,0,083/09/04,喬治亞,17061,9,1,288,8508,1214185607986813,322,4180424529537132,827,4176297615118,Y,879,9
9167704075,2,蔣家瑜,2,101/01/23,馬其頓,86534,5,3,184,5319,3489742866064263,736,4931229195328108,79,639030612787,Y,619,9
570795504,9,崔宇軒,1,019/02/10,塞席爾,36772,2,3,596,1889,5840533728299548,241,718358619276002,412,2249730436093701,N,979,1
5018344083,4,呂怡安,1,011/03/13,科威特,54326,4,2,351,2817,6737757880367011,826,8126016913860653,307,4431471586315543349,N,439,8
3511144842,9,王雅萍,1,072/11/29,匈牙利,61347,3,4,730,7047,4550690310451114,106,5622393811606616,448,6011989113869273,N,493,9
5731531109,3,王詩涵,1,013/12/02,聖露西亞,90196,1,5,542,6490,2774189837583358,894,9302498661804694,732,36286586853429,Y,832,0
8360888140,6,翟羽,0,011/09/10,義大利,13970,4,3,970,6703,8312073988436158,790,2256831468887334,506,639099630456,N,418,8
6684582167,4,郭雅惠,2,074/03/21,巴林,25490,3,5,116,6348,2085290052502191,523,2027159685796149,484,3599197704564207,Y,964,1
1234971993,3,甘淑華,2,036/07/29,緬甸,38072,2,4,90,1713,880458619641326,311,6509490866624595,139,4513774474785,N,943,9
116930273,6,王淑華,1,101/06/30,香港,53158,4,2,789,3061,6361472672301197,661,4277734533077338,327,676137911928,N,90,0
7257014306,3,鞠馨儀,2,102/11/23,塞席爾,81424,2,5,537,378,9861315007169886,655,4975544475722086,93,30081834719688,N,915,1
8323329542,1,周雅琪,2,028/06/10,尼日,27837,9,1,482,9977,1907722765003179,831,9212815433030177,931,5335102136220125,Y,449,0
7750033983,5,謝淑華,1,088/11/18,印尼,54409,3,2,352,4047,8733877919539987,355,2259826837339350,377,4207911099838938212,N,680,1
9830635722,5,應雅筑,1,051/06/07,賴索托,87189,1,4,85,3304,1775064624875570,594,774494332382991,43,4869263923694,Y,109,9
3070238361,3,汪淑華,1,063/10/08,約旦,79151,2,3,516,1837,9866159884641185,845,3421278672856920,44,370245204358850,N,703,0
1942025514,2,張家瑋,2,048/12/19,芬蘭,58293,2,1,858,6507,49809346959360,579,7960239961645311,739,30556457768146,Y,347,9
8965776902,6,馮雅筑,1,030/03/04,奈及利亞,67864,1,5,778,4901,7521735912665080,154,4841577731187710,811,4918024006461,N,786,1
444943661,4,趙佳玲,1,027/07/07,科威特,98163,2,1,75,2822,6117739230782457,314,1088646376916861,92,4703978742343980611,Y,253,8
1168118741,6,郝惠雯,0,067/08/04,南非,14908,9,5,720,5447,3027998987331619,469,6382170634603959,470,4570579132377345251,Y,361,1
8974238046,2,龔鈺婷,0,082/02/28,諾魯,79034,4,1,337,6062,8175076897949272,32,3760849797803838,436,2285371950184355,N,513,8
877346669,6,張龍,0,014/09/10,波蘭,63892,5,5,389,1184,8033541015647528,481,524113928818335,360,30574611960962,N,333,8
3422972094,5,段郁雯,1,055/09/12,馬其頓,95187,9,5,846,8759,5212239393266438,881,3401078216528207,43,4617542846176256830,Y,896,8
6626478597,1,張郁婷,1,017/12/10,象牙海岸,29958,1,3,955,5232,2875237226144693,663,242410402874546,139,6582873394510153,Y,560,9
3727502509,2,王詩婷,0,091/10/30,茅利塔尼亞,20923,3,1,51,6539,4523265021851321,742,2566348480000735,733,5431692746920778,N,871,1
7228120178,3,吳雅玲,1,050/04/30,迦納,45365,4,1,473,6204,3900670237964869,797,2811417820690991,540,568623198351,N,835,9
2777568330,5,侯鈺婷,2,050/07/29,諾魯,97711,4,5,133,3351,6143617484510296,128,1466935165694087,928,503877216054,N,199,1
2330777642,3,王琬婷,2,080/12/21,波札那,96701,9,4,877,6724,6627840817291752,592,8519676647048492,888,5581164097082952,N,897,1
1177041884,9,馬志宏,2,087/08/29,薩爾瓦多,20865,9,1,777,9437,6642724355280828,154,9928713923246717,333,4033132602732020,Y,133,9
4003895132,6,姚思穎,0,068/03/22,斐濟,44367,2,5,829,9305,2690804923230354,867,4972969437763462,739,347002981017302,N,221,8
8933340001,1,徐冠宇,2,031/02/06,愛爾蘭,20001,3,4,26,4102,2510614150579296,714,6048124187786625,588,6011997170306816,N,68,1
9374365655,1,郭思穎,2,100/08/13,委內瑞拉,63332,3,5,871,1871,9663234844060124,391,235544621160260,783,375323783558631,N,954,8
7755939567,3,黎俊賢,2,025/07/19,阿路巴,71224,3,2,818,96,9558972216092874,571,9811671826043686,462,3590720444605672,N,118,8
1142714879,9,楊庭瑋,2,045/07/27,薩爾瓦多,78852,3,4,559,1555,1437782766026457,377,4665469861616301,485,4649251766685026,Y,166,9
1751323556,5,黃欣怡,1,020/05/07,寮國,17241,5,3,335,8412,7916566879240844,857,7941440033541414,45,4246487909061741251,N,723,0
4600941933,6,樸欣怡,2,110/01/27,阿根廷,58751,4,4,578,8826,239070170738839,482,3830968473376405,647,6011378152415141,N,945,1
5459155577,1,常欣怡,0,075/11/06,伊拉克,21047,4,2,873,1417,7029475301331009,386,4555946858024837,543,4765038721371299,Y,639,9
2673407718,4,佟馨儀,2,017/06/07,模里西斯,90373,5,4,279,9006,2862796996457442,852,5640481849206330,541,4910901868907,N,497,9
9832663105,2,吳惠婷,2,021/09/11,喀麥隆,84834,4,5,771,5586,7719533949503727,118,1746909649409823,630,562735187683,Y,426,9
5342472293,1,王志宏,2,048/02/08,蓋亞那,9896,2,3,848,9022,7811462568061990,328,1506527109715936,997,4460803154352,N,397,8
797174017,3,文怡伶,0,024/06/27,厄瓜多爾,75744,3,5,770,1173,8701534907440613,279,6916669049246506,762,6011828778439008,Y,897,1
6248453258,2,朱佳樺,0,037/11/11,瓜地馬拉,78289,5,3,655,6602,309912910770484,683,2670184051307390,298,4900555745972,N,715,0
7008595527,6,方俊傑,0,012/09/27,馬爾地夫,48431,4,1,297,8718,5274492070721806,297,7339696341387376,518,5237466359403992,N,730,9
3252623833,2,張惠如,0,090/07/09,澳門,55036,5,2,608,1235,9047270876125244,764,632849718299517,210,38373926862951,N,278,9
9077643489,1,張怡君,1,088/10/25,秘魯,67077,2,5,936,2852,9571264598428325,730,9848669051903467,153,4074508600951888,Y,354,9
3406149169,4,田心怡,0,061/03/29,秘魯,86353,4,1,246,6482,6480030083534824,10,5994187097500186,545,213175939912054,N,664,0
738173667,5,楊雅惠,0,042/01/11,埃及,81698,4,4,108,6095,9801061424251359,841,2215069579117818,597,3540285760037448,N,926,1
9350181427,6,鄭惠雯,1,033/07/18,百慕達,63237,5,5,164,4995,1750819200399148,327,2904313195144039,855,379113401228584,N,726,9
7240010177,4,王傑克,0,066/07/16,阿路巴,59531,9,1,899,6941,8281860253111409,375,7887859126789017,109,6531703911709156,Y,669,1
9289908324,6,張飛,1,089/11/26,布吉納法索,93559,4,3,707,3578,1220594977600759,296,2254197470274147,247,213141972947159,N,920,9
1844919454,9,唐怡萱,0,106/02/21,緬甸,85593,4,3,874,5802,9093053001097099,511,6184523485564405,471,4505735407284,Y,512,1
3801441238,5,曾美玲,1,074/05/22,突尼西亞,45418,4,3,249,3745,8107791099850296,678,967938093343302,675,341206495997430,N,73,0
7539729516,6,王彥廷,1,031/03/06,摩爾多瓦,43212,1,4,731,1095,2110967577759896,153,9344397853338310,601,4786567903524627,Y,429,8
3337351579,1,宮威廷,2,076/01/17,哥倫比亞,66125,2,4,679,8835,657023121585255,749,3651498461886584,214,3564482435838745,Y,987,8
6736511044,6,劉家銘,2,013/05/13,新喀里多尼亞,30509,9,4,684,3771,2335408089851116,145,5766804222028504,160,38231590679988,Y,574,9
2477862490,1,董雅萍,1,056/03/08,索羅門群島,75863,3,5,199,6495,9270797027106075,954,1004689003533774,274,3537307133601943,Y,788,1
3302622140,3,茍冠宇,1,067/03/22,茅利塔尼亞,58630,5,4,233,4323,3719561274590355,520,9963384690261572,24,3569336843719753,N,432,0
9951312293,1,余怡君,0,055/01/10,葉門,15458,9,4,169,3788,4454792466409394,113,9836492103290029,204,342606488871170,Y,172,9
1360332460,4,張郁婷,2,029/01/30,法屬玻里尼西亞,8979,5,1,606,3628,9913081926603574,267,690896948904,571,4423622087229,N,333,1
3022840740,5,戴冠霖,2,073/12/03,蒙古,94877,4,1,591,232,4740885138158229,595,9308983726578044,53,501814410046,Y,317,9
730192193,1,範詩涵,0,100/12/17,哥斯大黎加,18370,5,4,153,6136,4966192603328025,133,8224706820327556,424,213144496548222,Y,957,1
2637696904,1,田雅琪,1,048/07/19,阿爾及利亞,48119,5,4,437,5878,4550293102705268,953,5195385049557179,444,373324086980375,N,190,0
5335537093,2,張柏翰,1,080/02/02,伊拉克,43554,2,1,658,6923,8388518234216270,601,3576701344364623,482,4094510896294094,N,279,0
6169152284,4,董琬婷,2,056/04/18,迦納,42062,2,5,426,3864,3924080691157483,889,9524806683699951,319,6524271138963922,Y,367,9
5368999291,6,寧傑克,0,045/04/07,捷克,17108,2,2,917,7023,8916533322361452,11,1117554556645063,283,3582170549088301,Y,471,8
5508485381,2,黃傑克,2,051/06/18,盧安達,48320,1,5,439,8645,7311958842408118,933,8074905993747319,890,180084104078288,N,5,9
9453004176,3,許俊傑,0,028/07/19,獅子山,5702,4,2,884,6233,1317894694281371,261,824301301809564,782,180062368604049,Y,271,9
6823558428,9,張宜君,1,066/07/29,索馬利亞,72544,3,4,14,1922,4729512715904504,862,1670888515893861,676,5143937259148815,Y,105,0
4229710613,6,姜惠如,2,020/06/09,哥倫比亞,12451,2,4,607,4346,7888265849138454,96,1881059024374798,638,30349693432309,N,661,1
6372476260,4,陶雅琪,2,037/11/15,荷蘭,17216,4,5,382,9250,3625281292117685,202,8132758926414942,544,4520175806346899,Y,78,0
1288789762,3,張心怡,2,024/09/22,克羅埃西亞,77567,2,1,934,6189,7964834663952173,381,3263852068188451,536,2270585361580326,N,435,1
5151399593,1,楊冠宇,2,034/11/07,比利時,87002,9,1,328,8520,2027570149853700,531,4826967400558285,334,4750358795239967309,Y,595,0
4063067265,9,彭筱涵,1,094/12/14,瓜地馬拉,91774,2,1,728,1743,8477903611964848,463,164853315727780,355,4508668270016556,N,437,0
673936986,6,邵靜宜,1,060/10/29,捷克,97550,9,1,731,753,5287124510429853,745,891384761036001,159,3545944291232598,Y,520,8
970334646,4,郝靜宜,2,035/12/30,挪威,87537,9,2,741,6975,5812395520956434,885,390636867240573,336,3517855790816083,Y,353,9
9762731368,6,羅雅慧,2,099/03/02,厄瓜多爾,80908,9,4,839,5828,9490716548064277,133,6817391907525940,620,30586238760195,Y,673,9
8613958740,6,夏欣怡,0,066/10/26,菲律賓,97911,4,5,360,1438,8097297255139354,697,9354229359653749,350,4003742633042508,Y,474,8
2247385393,4,姜哲瑋,0,097/11/25,直布羅陀,25971,1,3,90,3404,7484228767310096,364,2925411724222037,682,377109395629904,N,737,8
2020752119,3,黎雅慧,0,031/10/09,孟加拉,46384,2,1,376,8972,6202347108987027,330,7696567790407524,908,3562820550333228,Y,373,8
6237294508,9,陳佳樺,1,022/07/30,比利時,29430,5,4,658,6134,6589138417910815,582,8471348154633348,638,4538856517965503,N,500,8
8939293090,4,莫雅惠,0,060/08/17,德國,20397,1,1,701,8649,5685756401039836,340,8190727867429825,318,2225825255833829,Y,230,8
4154296330,2,朱欣怡,2,084/03/05,烏干達,49210,2,3,1,7820,7253730195487226,338,585417260123097,709,4771348685836670076,Y,110,8
6093371268,3,楊家瑋,1,016/11/17,哥倫比亞,13208,2,3,416,3949,158334973174362,833,6750796707715004,15,3568008652734493,N,295,0
9560927383,6,賀建宏,0,091/08/01,科克群島,64842,9,5,562,5526,4272334653578378,516,7805868316373212,646,6011373591223727,Y,926,1
4769183211,4,柴信宏,0,091/11/18,菲律賓,79507,4,2,426,8894,1703075592551129,25,6319957299746800,435,180050514562583,N,48,9
3918399399,9,田飛,2,061/02/20,巴拿馬,53401,3,5,711,6268,1018164099902149,845,3868068321502873,457,213169329843672,Y,433,9
9881846048,4,劉淑娟,2,102/10/14,秘魯,74764,3,5,294,3295,4637542096968114,516,4287281188705759,820,3540118258425769,N,263,0
7398274169,3,李淑華,0,031/04/28,獅子山,66814,2,3,846,6923,6823598451174635,32,4639002122169912,473,4548888358144,N,387,0
116330369,1,楊俊宏,1,079/11/29,馬拉威,88935,5,2,814,4920,1066805494593142,157,5724473633301178,469,4638901223910,N,466,8
3629816240,5,陳雅惠,0,066/01/07,瑞士,60349,2,2,980,3066,3216655251442630,582,7008666515182068,801,4825261622209917,N,830,9
3103092231,3,潘雅芳,1,065/05/15,墨西哥,64896,5,3,752,4891,7580352772992649,5,3507402778520489,12,4794363311717,Y,521,8
9759609649,3,劉筱涵,0,041/11/22,剛果共和國,83041,9,3,797,4493,18490215206247,473,8625026592549063,922,4630986968360,Y,763,0
64496719,6,黃靜宜,1,079/04/23,英國,38960,1,5,842,6932,5847297738644116,580,2363905705802175,354,4677774960384596,Y,395,0
8607409623,5,張怡君,1,040/05/13,烏拉圭,13255,3,1,459,6634,4155591354198780,230,6671160330807333,621,3524561844614307,N,401,1
7993717092,4,安郁婷,1,025/07/02,烏干達,12610,2,1,244,7894,8920637189287681,767,8758695541545639,244,676391968267,N,186,0
6900445555,2,遊詩婷,1,086/06/20,哥斯大黎加,89903,9,1,914,1507,6287697234546313,722,8509664349285982,172,213194808939338,N,991,8
4138867826,3,蘇雅文,2,096/10/09,香港,1058,5,4,669,5469,9106624040501243,748,1185641740281564,367,340347948609510,Y,80,0
2140593396,3,蒙惠雯,1,022/10/30,查德,28883,1,1,365,7374,8498165649434487,845,6683640549059869,614,6576769464965855,Y,422,9
2642751694,1,張宜庭,1,107/11/05,巴林,3205,9,2,186,8950,2369572834687200,967,7528913276130231,956,346787043747521,Y,317,8
929935487,6,黎佳玲,1,075/04/14,多哥,94757,5,2,205,1750,1969315951189827,724,8668090454656522,628,4943023228866,Y,199,1
4984064206,6,邱雅筑,1,043/02/09,馬來西亞,38207,9,2,133,2541,9618818141638819,788,1723424660328382,143,180019304831847,N,307,0
9020939477,4,張家瑋,2,081/08/05,巴布亞紐幾內亞,7058,9,3,951,1140,9018072111336491,688,5883522133496433,374,4007743422291997,N,68,9
5355759313,6,李飛,2,073/05/20,尼日,83046,4,2,856,9279,1925565735236429,690,6923016335059545,24,4756123942219021,N,524,1
7431985377,9,陳冠廷,0,104/11/22,荷蘭,86484,3,5,295,9101,4031084569545425,40,6516340899509221,874,4894124122876568671,N,992,8
6342512388,1,趙馨儀,2,074/04/11,聖露西亞,15827,3,4,324,7343,2493175634921962,504,7560428213578570,383,4180231186913,Y,709,9
3168239698,5,葉怡婷,2,073/12/06,聖露西亞,13398,5,1,419,2940,1032883068685184,411,2247331439807464,804,4953536941643332,N,780,9
5936554097,9,胡冠霖,1,036/05/21,玻利維亞,63730,1,2,529,7923,3530388740774762,66,8200354391617310,934,180004581008897,Y,253,0
4666202491,4,侯怡萱,2,108/08/26,衣索匹亞,66054,1,1,689,1460,5651209681663037,716,5115338895911928,53,3517610759482454,N,772,1
3126855952,3,高冠霖,2,065/07/04,象牙海岸,90947,1,1,245,5780,7021509644254076,532,132481317091389,726,3535271180205523,N,884,8
6345692204,5,王怡萱,0,057/05/03,塞浦路斯,8017,1,2,688,8823,947082995776234,731,8602340840963164,97,4500949231718359,Y,461,0
3222984564,4,王怡君,0,061/07/19,澳大利亞,11378,3,3,885,4304,406395844230457,322,4616226829357635,959,372195446101071,N,650,0
9429280631,4,楊懿,0,033/01/16,百慕達,11275,9,3,631,5389,5383139276338469,476,3344859842406500,189,180071660772503,N,327,0
6835822309,1,叢家瑋,0,081/11/08,巴基斯坦,69221,2,4,671,8910,8440530681733022,460,4396449234826754,637,3593261682229419,N,759,1
628976150,5,祝信宏,2,108/08/25,法屬玻里尼西亞,53682,2,1,0,7390,6260412449170803,292,922842236011509,988,4731000963815,Y,820,0
7246852461,2,黃佩君,2,101/04/16,瑞典,43853,3,2,209,7131,5715935848312711,988,7758843470651705,361,4702778490018,Y,597,1
51603151,6,楊佳蓉,0,027/06/16,墨西哥,18712,1,3,619,5399,8305238408522866,324,5798686999405729,454,30397529660221,Y,608,1
3078090787,3,孫美琪,0,095/07/12,法屬玻里尼西亞,6004,3,2,784,9898,9308698202246925,243,2481754097553345,469,349623513915891,N,128,1
5326447316,1,劉怡安,2,103/12/29,安圭拉,54128,5,1,706,6081,9585986695126053,310,5552911001216187,872,180057826975973,Y,272,0
6494233673,1,周俊賢,2,063/09/03,越南,79564,9,4,706,6685,677653156103166,887,6506799500105239,951,38426979437897,Y,571,0
3779314330,6,彭思穎,1,031/11/09,澳門,61207,4,5,284,5659,6561002658348842,405,3768174007276402,105,3505602214202886,Y,564,9
5393646007,6,韓雅涵,0,065/08/14,阿爾及利亞,4671,1,5,396,9368,3974077158697164,842,9906532454205590,598,2276714651333998,N,296,1
9185823013,6,王雅筑,0,021/05/11,墨西哥,33945,2,3,801,3762,6396316674688144,69,5431991609362263,11,3588197109738094,Y,958,8
4453700419,9,趙家瑋,1,091/01/05,加彭,82568,3,1,894,2577,3725337237852571,618,3510471986972451,496,3522011280181207,N,136,8
1202936163,3,賀佳穎,0,038/11/09,捷克,9060,3,2,309,5875,2344042615197274,245,9358196644229867,922,2294262728268498,Y,325,1
9825480400,1,劉志宏,0,096/09/19,西薩摩亞,57138,2,4,443,830,5347695826051507,791,3889368016550242,418,3569817281552582,N,925,9
5532065206,5,黎家豪,2,061/05/29,敘利亞,24674,3,1,838,657,900906922581162,728,4727309596965261,354,213194379864105,N,156,0
5309773534,3,印家銘,1,073/08/03,英國,39354,4,2,749,7935,6288213466038004,477,2142512917905291,785,3560216932111501,N,722,0
516322016,2,龐家瑋,0,072/08/01,紐西蘭,85959,5,3,60,3524,8324564792023503,184,3040714312766082,861,180046105289750,Y,371,8
6324658758,1,李龍,0,051/01/31,西班牙,80977,5,3,238,1719,7460067788810786,702,7408837805604959,496,4071279318049,N,50,0
5238741548,2,張雅萍,0,082/08/09,阿拉伯聯合大公國,97425,5,4,797,8900,6481959294036179,76,184453048364435,663,630452039690,N,996,0
7379012065,5,王宗翰,2,086/05/13,巴布亞紐幾內亞,37288,3,1,756,9237,6119219673240959,719,8892548948486593,587,30522849083701,Y,663,8
9910270436,4,朱淑芬,1,109/08/03,多米尼克,39950,9,3,217,5042,8083079350887412,863,4584503024519374,10,5350082903790569,Y,745,1
3444354175,9,王宜庭,1,062/11/29,阿路巴,31776,3,3,976,8008,9198144180254430,999,7787771890845023,142,4452248540333267,Y,73,8
9334441925,2,郭淑芬,2,069/07/31,土耳其,23104,9,3,941,6038,3062244186728609,57,9181367765309347,46,6011181258473828,Y,459,9
4760469162,3,李淑芬,2,054/09/05,美國,89724,5,1,909,6357,3606604681667341,616,6932235211102390,205,30592210294054,Y,729,1
10684540,6,吳雅筑,2,073/08/11,塞內加爾,64875,3,5,824,8447,2232364052136848,948,2466200364675749,277,569229316926,N,163,8
4169085232,2,吳美玲,0,014/09/18,加彭,14762,4,5,570,6677,382738997119968,453,2408696363065291,40,060465370827,N,727,1
7594693465,5,程慧君,2,044/07/16,波蘭,70776,9,4,523,3743,3159691612893920,981,273706158497752,89,4801338752756392,N,270,9
4532512437,3,鄭宗翰,0,105/09/09,依朗,32660,9,3,350,9106,9276243346694280,715,9833409342764217,174,4076341726176927,Y,593,9
7655483439,4,張鈺婷,2,075/03/04,阿路巴,7517,1,3,515,815,5015192570764101,484,1114722129901197,54,3514045253353518,N,443,1
3287854528,9,尹佩君,2,014/12/07,摩洛哥,36417,3,1,514,1479,5649683708493831,680,4944942750732435,327,213139971478747,N,826,0
6089880433,4,劉雅慧,1,080/07/13,幾內亞,3624,3,4,601,7937,6675796501621379,763,8202457961725846,223,3561998351935630,N,901,0
8201853918,4,蕭雅筑,0,099/01/04,比利時,34866,9,3,468,1463,3800751736441539,33,7820006370781023,187,30036757089501,N,124,0
3966485582,2,劉馨儀,0,059/04/05,烏干達,73441,5,3,630,1281,7062158124687797,857,4130160639081919,544,4829532653964233937,N,910,1
4502325486,4,黃惠雯,0,056/03/16,沙烏地阿拉伯,26921,9,1,351,3178,6554483791916317,271,9906356707975404,176,4743331364119225,Y,379,9
7328873460,3,陳佳穎,2,109/09/15,挪威,74128,5,1,672,1355,1845053453589687,424,2614057619819296,754,4982251441627,N,458,8
8329736247,3,王冠廷,2,050/12/11,挪威,21270,5,5,918,9117,1499269157492431,416,5696025830139722,111,4558878810968559,N,673,8
6345802989,1,葉雅文,2,032/10/21,布吉納法索,95607,3,4,839,7687,6973604062224747,229,2664175724365440,370,4025188622826,N,104,8
88593192,2,郭詩涵,0,086/02/15,摩爾多瓦,74711,4,2,74,8649,2522345964490707,309,1101010096504956,352,3518057420785486,Y,788,1
6892403505,3,周信宏,0,031/10/31,亞塞拜然,62022,3,1,199,6402,5546440868086531,347,4964817705590277,219,4541682464564775,N,905,0
2358293395,1,魏雅婷,1,086/05/11,孟加拉,51601,3,4,108,142,1076216850966412,398,1490605014243579,977,180001978883270,N,782,9
5974702269,1,王惠雯,1,036/11/23,亞塞拜然,5533,3,4,90,1298,2669307295439695,372,4631647787702679,666,4540307366414012258,N,384,1
4701682627,3,張詩涵,0,032/06/19,香港,36768,5,4,150,2457,9074431723595038,45,8835911463456115,241,4386928087708,Y,354,1
7159091256,2,石雅慧,2,025/06/15,阿爾巴尼亞,80771,5,5,376,1165,2542338508985673,714,4067266504765044,603,6564547817360055,Y,203,1
2928205267,4,李淑芬,0,104/07/05,開曼群島,34960,4,4,568,1268,4887484420885545,533,3927708465827719,327,4513782921220161,Y,969,8
899685723,4,趙家瑋,2,022/03/29,土耳其,86135,2,2,119,5573,8955337660527113,213,5963375470183453,920,3596137358416489,N,82,8
1499238559,3,劉怡安,0,016/10/24,巴哈馬,42053,9,1,17,3088,8267151245566855,49,9421498877749694,776,6594410523370567,Y,545,0
9125233464,3,黃雅婷,1,097/06/27,厄瓜多爾,5947,1,3,920,1569,7204000875795540,92,2258209701663717,979,340470385806652,N,37,8
7832771680,6,魏雅文,1,072/02/02,葉門,7986,2,3,357,2290,8275386457882782,244,9253985866796640,373,4223349027804184072,Y,843,8
8084908924,2,單宜君,2,096/04/12,新喀里多尼亞,23708,3,1,916,7875,9433610364340431,82,5268382298632115,321,6011710123646562,Y,892,8
7271309748,6,張家豪,2,064/03/02,聖露西亞,19752,2,5,844,8082,3570756449823060,127,2167923544482138,102,372519121973555,Y,366,8
9474207586,2,馬淑惠,0,108/10/27,台灣,12468,2,4,33,7940,2435926295056133,361,7114931033268436,405,4889606092346,Y,485,0
2235362068,2,王雅萍,2,020/08/03,塞浦路斯,22003,4,2,236,5205,9894326856307060,416,4265710554020481,897,30419363428364,Y,981,0
960191551,1,羅雅雯,1,093/04/04,哥斯大黎加,4390,9,1,367,1061,5990031796343277,405,1317291968154808,980,36377587112020,Y,383,0
6496711495,3,徐傑克,1,080/04/17,馬拉威,59081,2,2,916,6518,6353531433195305,999,4602609466509574,866,4194430064384843804,N,754,9
5225888084,5,楊雅芳,1,075/05/07,尼泊爾,54236,5,3,213,9670,8254232028790214,623,5919886669216228,475,30538075460058,N,398,8
399943133,5,趙雅玲,2,048/06/25,玻利維亞,76056,5,4,584,2239,2361093838738741,188,8576320382049524,496,3563474812554830,N,205,8
4905401749,4,冉俊傑,2,063/02/28,模里西斯,86882,1,2,385,4843,7794709060236470,6,1184529911120754,307,4010279602588592,Y,970,9
9714360359,5,鄭家瑋,1,057/01/04,迦納,53802,5,5,222,1044,7801920619861556,210,4036328435111892,638,4907815989157398,N,134,1
9297311962,1,楊欣怡,1,035/04/06,喀麥隆,98777,5,2,429,6865,3884594708501621,679,7007050898546372,629,639044399728,Y,317,8
42883956,5,劉哲瑋,1,087/01/26,紐西蘭,60308,3,2,982,8295,2212313927792120,92,2212175170189653,616,503828083181,N,425,9
6311560813,3,蘇庭瑋,0,069/01/31,千里達及托貝哥,79818,4,3,618,5159,1024143390241572,578,9225086706795423,952,30517378730169,N,709,8
5975424692,4,劉佳玲,0,010/05/22,牙買加,45546,2,3,286,5727,6271434059309523,484,9390075370886510,525,349131938574509,Y,423,9
6570058095,9,李家銘,2,017/08/11,馬爾地夫,9478,5,4,468,2341,3883030044361600,24,9576287871245360,86,6583722112840575,Y,571,8
8103099445,6,譚家瑋,1,043/08/18,斐濟,51018,4,3,112,3162,3451441336930171,282,2035081065534694,61,3556170488750368,N,988,9
2605193795,2,劉雅涵,2,027/07/31,俄羅斯,50502,5,1,663,8350,2300575871771810,189,9781184342627864,533,4647733101732391,Y,601,1
4287584323,5,龐詩涵,2,092/05/23,依朗,35241,3,1,644,4087,7314636345505165,416,4930785366790193,181,4075148914545731732,N,940,1
1316417402,6,嶽佩珊,0,062/11/13,厄瓜多爾,89366,9,3,498,3937,9912920727303982,22,3981261927632285,335,4897460822105302587,N,534,0
9919842511,5,馬俊傑,0,097/08/25,克羅埃西亞,84321,2,1,514,2475,5056309960133752,951,9569445233979846,182,3523372948340703,Y,427,1
3772878165,6,蔡宇軒,0,103/01/28,開曼群島,29530,9,2,33,6572,2626184286316281,826,5782080415431101,360,4442696667591,Y,879,8
2784064280,2,何美琪,1,080/03/03,貝里斯,24119,4,5,977,6847,965907707756148,790,1603798424520903,927,180063981955875,N,677,9
7946799516,6,黃思穎,2,047/07/17,尼日,64562,3,2,502,5462,942584704097468,13,7382585158565641,895,3532566686840621,N,486,8
7708411045,3,李鈺婷,1,070/07/19,台灣,58463,3,5,78,7959,8356657054581926,197,286200908679298,353,213173831817166,N,371,8
3314826168,3,李飛,0,022/06/04,坦尚尼亞,28746,1,3,592,658,6801270503029538,348,842359053665453,965,3544634025748164,N,863,9
1745594691,4,王欣怡,1,078/02/11,巴布亞紐幾內亞,8438,1,5,500,7471,993065797984944,512,3210371011570919,865,4707076223203165,N,258,8
5862518055,1,王佳蓉,1,059/03/14,斯里蘭卡,59434,5,1,476,6941,8599802719175013,462,8527386880711735,253,6011001246438057,N,918,8
3072092903,6,段宜君,0,092/07/12,布吉納法索,71970,5,3,121,7982,7723841730453421,37,5340919526055004,615,3510069202949154,N,326,1
3015490948,1,胡建宏,1,018/05/30,宏都拉斯,79907,5,4,833,2757,9754892574659431,284,6392913445034480,529,6011863069841778,N,606,0
2837051575,6,梁雅婷,1,013/05/26,美國,11604,5,1,866,5109,9406449758604262,808,5591868845494932,301,501880333700,Y,415,1
5080471925,4,田郁婷,0,020/09/12,蘇利南,3581,5,1,33,4201,9434398519407047,28,9241606766114391,887,180023563258270,N,588,0
613834439,1,王俊傑,0,020/08/12,波希尼亞及赫塞哥維那,16117,4,3,92,1186,9535048968346472,396,9260136731989311,559,6011158906678339,Y,812,8
1779166876,1,嚴靜怡,1,024/08/23,克羅埃西亞,68262,4,2,622,7253,7801060086767534,251,5031584154379286,582,6524821274099772,Y,235,9
740735994,6,吳冠廷,1,022/09/21,捷克,89330,9,2,108,2516,1656761503347938,44,383081228140527,987,180053906869780,Y,741,8
3593714995,1,杜淑惠,2,015/09/22,阿根廷,75487,2,2,262,8074,2723746623413936,369,1052404571093702,474,370408342736664,Y,700,9
8472959397,2,王淑慧,1,057/04/02,新喀里多尼亞,49433,9,5,703,9230,8837030127835334,749,4712538078455457,124,4639886212471851,Y,915,8
6309740183,5,王龍,1,048/05/31,阿根廷,47583,9,1,810,7518,3042387254249801,69,9324761691859061,126,375957787045093,N,391,8
2690848017,2,馮佩君,1,011/12/29,布吉納法索,51732,5,2,226,5497,981478025316184,743,3350073931423661,554,3571724376566632,Y,885,1
5120764709,4,劉雅萍,0,056/08/06,蒲隆地,64071,1,4,812,3276,6493642467989967,772,8763097756453882,150,6011678769894665,N,715,1
1292169381,1,王宇軒,0,044/12/17,阿路巴,1785,5,2,717,3811,2574087961056896,195,2294249170080245,656,4032905117176333,N,753,0
8825086097,2,唐淑慧,2,090/12/05,不丹,73584,9,1,401,8029,6395634128869940,994,8096159457085898,889,2280923221765977,Y,755,8
604959632,3,楊威廷,2,072/12/03,芬蘭,11737,2,2,935,8446,1212755427464906,907,5807300340157993,734,4340347990915932,Y,992,9
157543938,9,劉家豪,1,013/05/22,盧安達,24801,3,1,186,2834,4065079779207687,878,3270404714223739,513,4085698296119283,N,988,0
4538696557,6,潘宇軒,1,103/11/26,宏都拉斯,35295,4,3,200,3804,3735830520652268,459,2337101568378076,378,4424696532560377,Y,759,0
6057459097,1,高淑慧,0,011/08/01,薩爾瓦多,51798,4,1,183,6712,8959462426928224,530,7377982367586790,548,3574857816781804,N,662,9
2494383887,6,高雅惠,2,063/08/09,索羅門群島,99448,1,1,945,3164,9592646815780680,554,7867870228572043,436,2720409035398336,Y,957,1
498186268,9,李佳蓉,0,054/05/11,比利時,72350,1,2,399,1291,1832729327376518,596,1564806313340588,278,4665907393311195993,Y,345,9
8148568046,4,張佳樺,1,028/12/27,菲律賓,69631,5,5,515,6021,7184740968612527,725,2513205556679424,638,2710400234308947,Y,371,9
9217833563,6,許冠廷,1,026/03/29,巴哈馬,2319,3,5,620,5066,6805923055004993,97,7250747412508154,363,4842935493956637423,N,282,0
9725452305,5,孫欣怡,0,019/09/19,柬埔寨,77228,9,1,887,7000,9667272527020628,870,5423088093361835,261,377283972062340,Y,437,9
7845883540,4,洪淑芬,0,075/09/21,塞內加爾,90780,4,4,689,5991,1674860320604810,100,1047271067784357,369,4660859257054,N,230,0
9824862912,6,吳冠霖,1,088/05/28,貝里斯,5154,4,2,905,8447,7577038184868046,507,6474735681631152,487,30078039660949,N,924,9
9012092587,4,王佩君,1,029/10/14,希臘,1824,5,3,144,7180,4307003634753303,12,3178338155273360,284,213154320542234,Y,924,1
142201650,3,蔡宗翰,1,024/03/26,宏都拉斯,43180,4,3,507,6957,4574820042736337,347,2452312884656196,47,4803452377933,N,150,8
6116847451,3,符雅雯,0,037/01/14,新加坡,13488,3,4,877,2216,1476783138280713,170,2700994635685583,39,4249797826202289,Y,166,0
3796298041,5,何哲瑋,0,088/10/04,摩洛哥,59071,1,5,262,6689,9929064299821001,310,7145409628214209,461,6528846683667758,Y,967,1
4209456345,4,周羽,0,025/08/17,獅子山,51654,4,1,577,3464,5471955992247433,82,2225639688151514,553,5582435957787693,Y,341,0
5022750419,2,劉信宏,0,109/01/26,阿拉伯聯合大公國,28370,1,4,719,9655,9334179287168586,392,3663804073672238,109,3536231718877846,Y,561,0
2390207889,2,宋雅芳,0,070/09/23,阿爾巴尼亞,28333,2,3,932,5394,3601119047477989,201,7195789638148206,136,341918292585446,N,680,9
2582770426,5,許美琪,2,081/09/07,安圭拉,73710,4,4,671,1427,4012707249290235,724,6058287294484727,381,588296985488,N,294,8
6047194804,4,王心怡,2,023/07/23,德國,456,3,3,126,1967,3113828065826745,376,3806882171936742,206,6577614534319429,N,37,1
8016176328,2,陳飛,1,100/10/15,安哥拉,17782,5,5,853,9705,2845432782883323,247,6503882913202465,929,30057871886465,N,487,9
8260287415,2,田飛,0,028/01/17,匈牙利,73312,3,4,294,2995,6154080119332538,297,6425724281728729,49,3573740177998913,Y,996,1
4551558299,2,姜淑玲,0,099/11/04,肯亞,91073,4,2,931,7571,2307352371832658,762,4060098935273241,427,213126964933689,N,813,8
1513076245,5,鄒冠宇,2,073/05/09,拉脫維亞,23657,1,5,177,2251,6566511430912862,230,9821957006247688,921,3573400745516669,Y,249,1
3374886266,2,陳怡安,2,021/12/08,丹麥,96655,1,1,191,2296,629549650486799,478,3612231428745320,572,6548931483392793,N,130,9
2642991718,9,晉冠宇,2,035/08/12,馬其頓,6127,1,4,316,1188,3847520665038676,69,4358430218338937,521,6011157966373146,Y,272,1
4181439651,1,劉琬婷,1,095/01/26,貝里斯,48082,3,1,627,8873,3918209291110299,352,5500225256422106,194,630464740418,Y,237,9
5034138266,5,馮靜宜,1,070/02/13,丹麥,73346,9,2,242,3109,4688352200815392,798,9786124352184840,174,377647204962750,Y,109,9
1385855543,5,田俊賢,2,044/05/26,匈牙利,449,5,3,646,1037,2677645501643780,929,9370812595829122,286,3562952406950721,N,976,1
1518128152,5,梁鈺婷,0,071/09/28,法屬玻里尼西亞,53313,1,4,532,4049,7737570369957218,577,6675276797643107,265,2716251255314163,Y,265,8
2578611388,6,陳雅婷,2,018/12/24,安哥拉,54113,1,2,208,7124,212143317095515,263,3991398544830473,147,36423052848456,N,469,0
7593129178,1,李傑克,0,015/04/19,紐西蘭,10842,2,5,483,8961,7727431601144182,691,8681931310263647,862,213181538142234,N,852,9
3748209554,5,王郁雯,2,093/11/09,蘇丹,30564,5,2,74,1643,9876362932600991,976,362274307601041,991,30386491921224,Y,873,8
5821674865,4,牛柏翰,2,056/12/26,玻利維亞,2061,4,4,946,1771,1760477898854818,734,3154538003847948,585,2268729551293282,N,468,0
3592092087,2,黃家瑋,2,103/05/23,納米比亞,17191,1,3,651,8881,4314549333350519,633,5992966085154922,795,3583789820924493,Y,207,0
3207210899,6,王詩涵,1,087/06/29,印尼,51330,9,1,544,1412,1028931043456518,758,7935666420716683,753,4922310565554811032,N,302,9
7311137469,9,董美玲,2,024/05/31,巴拿馬,38541,1,4,183,2223,2840948246714596,143,5839400913460533,240,3593788582309537,Y,518,0
2039904449,5,石飛,2,034/10/19,加拿大,42003,4,5,252,1579,27702413720249,159,991707028313335,377,38397869196499,N,464,0
6607321658,5,劉雅雯,0,015/06/24,坦尚尼亞,90337,5,5,298,3317,2593867292884935,320,6766465616038146,197,676352467002,N,875,8
3237339828,2,李淑芬,0,036/12/28,瑞典,82312,5,1,863,304,9192665548814061,720,4169166000574282,469,4572754453094,Y,790,1
8081473057,9,郭詩涵,0,084/07/25,巴拉圭,34250,1,4,227,6892,8239411679824788,764,8271807713280970,233,4064602086642681,Y,350,0
2600769475,5,趙雅慧,0,024/04/05,依朗,98352,2,1,250,29,9471936191644176,834,3263548285025964,986,3586556332341228,N,32,9
7439311779,5,牟雅文,0,052/10/04,孟加拉,21268,4,3,256,2954,1672072128779116,571,7555792182376689,622,3554895333445556,Y,775,1
8466444090,2,張佳穎,2,069/02/19,不丹,39709,9,2,565,9493,2470677266593328,685,870981294423882,212,4595560905600454,N,226,8
3504783173,2,王佳蓉,2,053/02/01,澳門,57713,3,5,182,7567,6482218568879661,453,885140535790653,367,6569485428563210,Y,78,1
3605868897,2,霍淑華,0,056/01/28,巴布亞紐幾內亞,47661,2,1,150,5342,5125811382661774,982,2662830034801416,766,4098038365185,Y,36,1
6832645438,9,蕭淑慧,1,096/05/25,肯亞,49434,5,4,71,1720,2238156699151070,39,923389238103359,236,060480327687,N,879,0
7997825889,3,蘇俊傑,1,086/01/11,巴西,31729,9,4,551,1979,5526583764485683,348,6519210650144146,52,630430480792,N,10,8
6172810504,9,徐中山,0,033/07/14,阿爾及利亞,45638,2,5,143,6722,3655327925653398,542,6902682389898175,107,502070214551,Y,527,1
6193098341,9,牟惠如,1,056/10/03,巴林,31653,9,2,248,9870,1235012225085391,491,5296826537862039,171,3596839940822245,N,515,8
1735815165,2,張沖,0,091/05/17,薩爾瓦多,96484,1,2,250,3110,188818770318495,271,8816111887470612,140,4986889410610988597,N,78,8
2035663076,6,謝雅筑,2,061/09/05,芬蘭,40997,2,1,8,7173,8001845689015375,159,1381211758318102,901,6595046716665238,Y,704,1
2227426416,5,王怡安,1,013/02/29,挪威,61626,4,3,744,1067,415938482250609,435,9931695920102178,808,3562906723747152,N,320,9
6294379003,4,鞠佳玲,1,060/02/10,尼泊爾,46199,2,2,591,263,4276517746851414,980,2606028893601134,631,2315530109691651,N,64,9
2441264632,5,蕭思穎,0,013/10/23,愛爾蘭,75897,3,5,929,6220,1188435100768626,688,9293464083529483,970,4300552169211,N,636,1
8160331521,3,劉靜宜,2,015/08/25,喀麥隆,87197,2,1,257,4454,8699976682343071,517,810558772574989,166,6599158530772060,N,289,9
1186217418,6,簡筱涵,1,027/11/04,亞美尼亞,98507,4,1,666,2396,5207218689861632,760,3758985624244469,167,6540558704185546,N,2,8
469978406,3,張信宏,2,099/08/25,厄利垂亞,64360,9,5,865,8242,4548441080194271,86,3451092271812206,759,370038852970872,Y,680,9
4782490373,1,柯威廷,2,016/07/07,科克群島,77451,4,2,189,2909,2553147289154574,765,7826009476558811,182,4506674436705753,Y,111,9
9797391701,6,陳惠如,1,082/07/30,阿爾及利亞,38795,5,1,691,8328,6320708231353505,714,6144349065602831,453,30011889260940,Y,181,8
4673246589,1,郭琬婷,0,014/11/29,巴西,92040,3,2,917,6077,6536619522996984,121,4650094913780408,259,3540313258974938,N,437,0
4033625308,5,趙柏翰,0,094/05/07,埃及,10030,4,2,69,3861,5990693739780665,16,5751522490676942,125,3580914260936673,N,850,8
7651456244,2,劉淑娟,2,039/05/16,聖多美及普林西比,46125,9,4,693,4751,5044211127777553,774,4721242194222191,485,4184303009873686,N,271,9
7952609063,5,趙淑慧,2,105/02/03,蘇丹,8609,3,5,708,7677,8788676027902908,834,1188977388480902,726,4536432015720523807,N,84,9
9498163765,1,孫冠霖,0,072/06/12,克羅埃西亞,64027,3,1,280,8461,7198879941858707,113,3512548302530845,975,2266008450503097,Y,712,1
7655386945,1,鮑雅慧,0,064/02/28,愛沙尼亞,90127,1,5,386,6092,3295688484035592,353,8258558607816042,544,3532866639291330,N,860,1
4003015617,6,李宜君,0,084/05/17,西班牙,38428,4,5,16,9058,9026543573839352,337,3005377815427495,61,376119762035693,N,657,0
143291590,5,彭馨儀,1,054/05/10,韓國,65058,9,5,518,3337,2468054174551540,547,8604369265132755,50,4870757126941058091,Y,483,1
4638316810,2,李詩涵,1,096/01/19,幾內亞,70048,9,4,815,8999,7221483879882573,50,3602470550905149,448,2254837688455363,N,535,0
9140212585,6,黃宇軒,1,023/02/24,美國,67552,1,4,782,3482,9022934616414753,386,6543679084249758,261,6595068661792205,N,502,1
3499246647,5,顏雅芳,1,069/10/08,紐西蘭,36461,4,5,96,767,2950744689162518,915,1931072630147097,172,346203316897902,N,502,9
6473782826,1,陳承翰,2,016/08/03,捷克,539,4,3,590,3590,454552657045326,535,2886620740423796,688,4065283077618433,N,489,9
5187039856,1,何雅琪,1,030/08/12,百慕達,92609,1,3,735,3181,6902393252451994,287,8775792173684336,918,639039702563,Y,183,0
6393518635,5,林淑玲,1,035/05/31,希臘,82378,9,5,100,5930,6721035068352518,476,4088357079430504,449,4344462673649,Y,168,0
5083921345,3,周靜宜,2,088/05/27,迦納,55060,3,4,280,5390,6184464942279850,607,143071371482196,751,6011976497463385,Y,211,8
165326149,4,羅宗翰,0,042/01/16,沙烏地阿拉伯,60797,5,1,670,6571,8199228053696036,30,245747497350612,656,4177355692497604501,Y,594,1
4883133759,5,劉怡伶,2,079/08/19,巴林,85049,3,2,912,1208,9261336398499769,102,4769402066652749,230,4098157487422,Y,783,1
3414012512,6,冼哲瑋,0,071/03/07,安哥拉,27534,2,4,47,5881,7030894702764926,387,7392899612494284,461,503867293261,Y,22,1
9348776165,5,喻怡如,1,035/04/26,哥倫比亞,1102,3,1,289,4291,6935703123000541,97,8843884743373043,771,676130000505,N,401,8
6718375129,3,王庭瑋,2,027/11/02,烏拉圭,44147,3,2,57,3216,5265909995270568,109,7033642283331283,318,630437786316,Y,538,8
1558102206,1,劉飛,0,029/12/13,烏拉圭,27996,1,2,921,4072,1934212790295561,580,114148171204082,202,30271739399849,Y,237,8
5415826871,5,黃淑娟,2,057/06/08,越南,98274,1,1,140,4649,4821594057776763,21,2418222461095880,268,3511264272785229,N,929,1
917745606,9,陳淑貞,0,086/02/10,阿曼,56956,2,5,324,470,6186007393020635,543,6824736351907285,657,4581649388171183875,Y,112,1
5285981300,5,陶佩珊,1,024/04/12,坦尚尼亞,64417,1,3,214,1341,9158453650031448,273,7465231747580853,97,3537925651984381,Y,798,9
6718977314,5,塗懿,0,023/08/20,聖露西亞,11414,1,4,222,5139,5212928689375616,515,4279178437744704,172,4627277247678,Y,689,1
8112222678,4,朱沖,1,038/03/18,維德角島,42935,1,2,155,2055,4988322555842333,661,3870692124071199,698,4173124439172058,N,513,0
8440804599,1,樊俊宏,0,026/10/29,牙買加,69119,2,2,872,9060,9362361140293387,831,6347264007865148,973,4782718163036422,N,893,9
6147016580,1,謝詩涵,1,048/07/13,百慕達,9568,9,5,97,8008,4529254967779780,362,4749366666516544,285,2707748595131539,N,720,1
2043531190,4,毛佳慧,2,087/06/25,美國,6064,3,5,706,6684,758447059499953,998,514592454465671,218,4914242051416193257,Y,680,9
5926185270,2,陳怡君,1,048/09/15,阿爾巴尼亞,19879,9,1,969,764,4844739966433286,852,7524627108479443,265,30153202945805,Y,810,0
1242990301,2,梁宜庭,2,103/03/01,墨西哥,27102,5,3,49,3362,475644716588125,506,4673791031547890,753,180009845731374,N,95,1
4950275788,4,楊佳慧,2,030/05/24,馬達加斯加,85807,5,3,390,9866,6728003184868708,433,1098388307445356,458,349828672342585,Y,132,1
623412879,4,嶽佳穎,0,051/03/28,新加坡,32343,3,5,796,5875,1310002970798505,390,4119805793171796,271,180033947083625,N,721,9
2044879433,9,蘇佳穎,2,105/08/17,烏干達,5407,1,3,169,818,345716554916256,640,9818815293754427,284,4791442742086,N,287,0
1563833907,5,徐佳玲,2,010/07/06,不丹,31016,3,5,376,9861,3222761598075945,412,2611480812111436,886,2673656387842710,Y,397,9
1178643506,2,梅瑋婷,2,054/02/18,馬來西亞,52064,4,2,751,1772,2637343648593554,458,282311501467017,442,4296572094263764871,Y,977,1
9616419102,9,鞏承翰,2,081/09/05,菲律賓,11555,5,1,518,2869,1002479247097545,168,4392486320980566,267,4519834409962949,N,751,9
7198135528,2,趙瑋婷,1,041/06/09,新加坡,50574,2,2,588,8341,6109201510937099,291,6138114987579597,54,6502545695842579,N,917,0
7624491259,3,李惠如,2,013/03/08,摩爾多瓦,92530,3,1,509,5340,6928377384010390,169,5004435315019339,408,30122509561854,N,23,1
1617561121,1,相靜怡,2,058/11/10,阿爾巴尼亞,68034,2,2,333,2387,533372702608960,471,2553390446521511,997,371875069019525,N,364,1
8435156236,3,潘雅婷,1,012/11/08,丹麥,50821,1,5,782,5752,7384944618644960,683,7868623250547481,268,2392508988219188,Y,543,8
8095269999,5,柳靜宜,2,084/03/08,斯洛伐克,79890,5,3,460,8856,7030543741894191,377,2006683680583274,536,4990713302147,N,612,1
4914077668,5,杜家銘,1,101/03/06,馬其頓,90036,9,2,613,7085,6655123532206076,816,3225867411618816,628,379373683405199,N,631,8
4672421010,2,周雅琪,1,028/02/14,馬爾地夫,28945,5,1,690,8307,2288099905656826,621,5488676769966600,619,6514388461512712,Y,911,8
8708275184,2,沈詩婷,1,105/06/19,多明尼加,33331,5,2,305,8838,9573478645734533,263,6716846183270361,592,501805245187,Y,594,0
453028715,6,曹怡婷,0,091/10/28,愛爾蘭,63247,4,5,145,3203,6225681424026100,679,3536022852152638,987,3596612939601155,N,519,9
8736194869,1,鄭俊宏,2,059/09/13,聖多美及普林西比,46823,4,3,782,8567,3419389452090707,666,8330455983220275,315,4900824108272713,N,637,9
1417832228,6,曾雅慧,0,042/01/29,馬爾地夫,3563,9,2,198,1126,9215447019226147,353,4572119460682849,859,2643882955426606,Y,744,0
157297135,6,張彥廷,1,023/05/07,依朗,29540,3,3,823,8471,4005562260576440,495,1361725764817476,328,3572348368267816,N,178,9
1818501303,3,王怡萱,2,044/10/18,約旦,96865,1,2,3,3014,1341970679257666,236,8664477545045740,113,4421601719915645,N,299,9
1035981633,6,王雅玲,2,034/07/03,查德,84054,4,2,172,7138,6263789355175023,79,5043349657000851,412,3521420307464440,Y,158,9
7601716872,1,朱庭瑋,2,073/05/04,台灣,95699,5,5,250,1047,4130322938135032,24,6295504687383511,964,30475237241540,Y,430,8
9237443819,3,方心怡,1,015/07/20,波札那,93914,4,4,88,9759,1543505196668212,365,4003278122463293,698,376760308296040,N,78,8
4170146595,2,王宇軒,1,084/06/19,聖多美及普林西比,5015,5,2,934,7300,9292771111702558,277,2089932449404939,556,374107421654931,Y,778,8
4711766294,6,孫嘉玲,1,094/04/13,不丹,55678,3,3,4,5721,6356462539503870,628,5868387494209438,92,3543491256249763,Y,863,1
9271998136,4,陳佳蓉,2,101/01/13,肯亞,36357,1,3,581,4383,5803916631982018,539,2978620540937251,800,180032400533597,Y,901,0
2171973804,9,蘆怡如,1,020/12/09,塞席爾,79393,2,5,677,6024,6953272719340561,183,8522636175981178,563,213198112998385,N,591,9
8559244920,5,楊家瑋,2,079/07/26,馬拉威,2600,4,4,785,8675,6935005257283123,517,6513054523129033,463,4586092335003,Y,667,9
2266280717,3,李雅雯,0,079/10/27,墨西哥,97351,1,4,330,6132,963359163958600,298,1747884229751516,339,6011779050537243,Y,982,1
3243954333,4,鄭雅雯,2,015/01/08,巴林,38869,3,4,405,7251,8688396032765552,56,8334466364823638,751,4258384398763572,Y,948,0
9465287548,1,賀家豪,0,031/03/22,盧安達,59242,3,4,171,2680,5492057661047544,528,4186598900329503,534,4379415994551,N,244,9
7805947454,6,陳志宏,2,062/09/05,捷克,32391,4,1,313,7517,3178141825488899,801,51175368140716,880,4663172843324671,Y,872,1
9202054456,9,瞿信宏,2,016/11/26,諾魯,78959,9,2,110,8964,1635797437107440,49,8645204790371215,963,676274423299,N,194,9
3151757686,1,崔建宏,1,034/09/13,蘇利南,87339,9,3,22,100,6608970274090820,655,9005480538165167,53,2258241577650489,Y,47,1
8198989097,2,王庭瑋,2,041/08/10,澳門,95491,2,2,223,412,2295073374935792,171,3371815157732483,265,342539833157492,N,95,0
1765330641,2,謝雅琪,2,051/02/17,南非,78205,3,2,763,9588,9307302219242438,781,3901254672374852,405,4389795894014107,N,555,1
9057216369,3,孫思穎,1,072/09/14,亞塞拜然,987,3,1,848,5978,7722813792676381,411,5684550235562971,944,4502422618885,Y,355,0
5494448437,9,林思穎,2,069/02/29,馬利,44602,3,2,582,1747,5367383492637037,84,6579702268302443,930,4844460369116863803,Y,232,8
1121662348,4,石雅芳,0,023/06/25,丹麥,8590,3,3,267,6846,7146076092602826,74,7836313827082797,717,3569740352443434,N,278,1
1464856381,2,潘龍,1,085/10/25,多明尼加,83180,2,5,492,7184,8163377049206800,666,7586715592034661,129,3536658786444978,N,678,8
2499338324,1,張冠廷,0,104/03/21,亞美尼亞,90258,5,4,852,9881,5166127549920768,929,5310755639401358,120,2242341904959634,N,378,1
3571030995,4,鄧郁雯,1,011/03/13,埃及,96791,3,3,800,5371,4659358538799500,132,4180717972274031,202,4587972584561,Y,545,0
9079540942,6,路怡婷,2,087/01/05,法屬玻里尼西亞,54942,4,1,285,2661,9782125021706660,485,8396532289323226,886,4977181577221277,N,122,1
569382139,9,張詩婷,0,072/12/13,寮國,455,4,1,742,6128,915493722455461,504,1253160662343489,22,213179255574944,Y,543,8
6604341681,2,陳怡伶,2,043/10/21,菲律賓,94268,1,1,473,3919,9391711973437610,748,4353848053772254,587,4957091999952884,Y,284,1
1484353256,6,覃雅惠,2,073/11/07,加彭,24312,3,4,453,9168,6697112698321076,590,3386256495843183,31,4426084735452928826,N,180,8
3786532774,2,祝淑玲,1,045/05/02,肯亞,62882,3,4,580,4888,1050200277603356,674,5071897534245178,296,375520035134935,N,383,9
1280887583,6,高雅芳,2,092/02/05,喬治亞,69300,3,3,848,2746,1996514045043728,364,3482376563879776,879,344603628432177,N,412,8
4138506763,5,蘆淑貞,0,092/04/28,委內瑞拉,50722,3,1,777,9397,3951015832976534,142,9074065283748399,279,6527335226438613,N,997,0
6773572638,9,秦羽,2,010/03/28,馬利,55519,9,4,318,5579,1238417754575984,313,9096724796715685,41,676319358682,Y,396,0
3871031499,9,吳志偉,2,028/09/11,喬治亞,9656,3,5,581,1508,596528906635460,928,1138717319674750,927,4702867450859755957,Y,199,1
3062459985,1,劉建宏,1,033/06/10,新喀里多尼亞,74177,2,2,71,6941,7815347242347885,363,8403193018440316,348,213106028429304,N,909,9
5226845820,6,葉郁雯,0,066/11/12,坦尚尼亞,33038,3,3,190,898,8406683941360525,328,6501603159521186,204,4802839666406,N,221,1
5414353307,6,傅龍,2,103/12/19,衣索匹亞,65627,9,4,533,3770,5305440363143393,183,6744054377017579,209,3574220528735412,N,566,8
3080176329,1,劉庭瑋,0,054/04/29,阿根廷,75951,4,4,113,1840,7841373442765991,452,2166732932703945,791,372619547182631,Y,399,9
8809930199,3,左馨儀,0,089/11/27,格瑞那達,95906,3,5,243,8777,8623931225177957,394,4233704277270908,82,4314105769799,Y,469,1
6179817549,5,王庭瑋,0,049/09/25,喬治亞,63274,4,5,834,9567,1130834627689654,981,1378764766989519,932,6536718914126229,N,856,0
5214419154,5,劉怡萱,0,027/06/11,茅利塔尼亞,93288,1,2,859,7011,1192386273119142,294,648942627238104,949,2714555869402533,N,409,8
9303649759,9,曲家瑜,1,016/07/24,聖露西亞,51708,3,2,45,7673,2329283454461906,829,3043140108822880,576,180052714447011,Y,500,0
4569831664,2,羅婷婷,0,016/11/28,中非共和國,27018,5,1,749,852,4560361349981008,716,4009737924134259,876,4234795397974028,N,293,8
831936086,4,王馨儀,0,092/04/01,聖克里斯多福及尼維斯,3515,4,5,252,8866,2029916810545808,602,5548637907763128,543,213114606343392,Y,449,0
9563043391,6,湯佳樺,1,080/09/24,新加坡,40847,3,3,870,9347,5914294310148525,54,7163162170813979,3,4816711216163,N,562,1
2135996094,2,信威廷,0,027/05/09,坦尚尼亞,96289,5,5,373,3163,792217735135446,540,8639110458859101,645,3522963278970647,N,529,8
9768702336,5,鮑俊賢,2,024/04/02,緬甸,90953,2,2,53,8980,3680917785169274,152,5055799849133880,723,38260953734874,Y,330,9
7365230672,3,王志豪,0,020/09/09,茅利塔尼亞,35485,3,2,636,398,9492779885654911,8,1437589293295475,801,213156585507380,N,676,8
5116397921,1,黃雅婷,1,078/03/12,新喀里多尼亞,23103,4,2,182,2180,6239904003173194,757,6088233848576990,292,30439201291485,N,26,9
8375453817,3,李柏翰,0,013/11/04,台灣,97339,4,4,8,5421,5076761466616797,394,1951911346234606,561,4524064307066204,N,454,9
1685176228,5,王欣怡,1,076/05/25,蘇丹,12061,2,1,439,1628,8471388253665006,294,5123214379566178,583,3579672461713357,N,841,1
1471661366,4,王志宏,2,033/01/06,越南,53440,2,2,921,7848,9683352189392631,182,92072564383147,356,584442029255,Y,748,9
2848568109,4,周郁婷,1,102/11/04,香港,40379,1,4,213,7466,7896299955178751,215,2371408901543776,558,4581833296296695,Y,24,8
2001409612,4,張家豪,1,099/05/31,波札那,45084,4,2,359,4744,1825949018712796,450,8567366477551025,690,3550591058302015,Y,102,9
9822428621,4,劉郁婷,2,057/11/09,中非共和國,67513,3,2,391,5334,9988051144620146,742,3465792207874811,514,4436435448258941,Y,944,0
1117865934,9,張柏翰,2,036/08/11,香港,74766,4,1,923,5361,8346146956802094,705,8186701453279949,347,3582847116154141,N,893,1
4029678469,6,董美琪,0,089/03/16,科克群島,33502,3,4,403,2402,3424131052852480,766,9473423890959221,736,4789687585020,N,123,9
2795084955,6,劉怡婷,1,095/08/17,日本,36231,2,5,304,1394,6719330667398857,851,2138922353206719,826,4474884766092696749,N,478,1
891077580,2,李婉婷,2,025/11/17,剛果,25458,1,4,893,9778,6776151547074748,407,5412308957364268,776,6508996624174770,N,738,1
9197589171,5,高信宏,2,070/12/21,羅馬尼亞,46271,2,3,486,988,1370538765737680,51,6798704704544596,678,30102103956262,N,626,1
7126569892,6,黃婷婷,0,082/09/24,芬蘭,60174,5,2,7,8826,3303792143498726,571,8885756117798275,596,4601023477251,N,662,1
3141017903,2,楊宜君,0,064/08/28,喀麥隆,54846,3,4,35,62,3245985588178778,862,9759439168508571,412,180080583003060,Y,838,8
3760266937,9,劉詩婷,0,067/12/22,智利,66636,2,5,206,9995,2280588439830300,684,1319937466611756,329,6599237918594104,Y,810,8
6148874074,6,勞琬婷,0,051/03/08,茅利塔尼亞,36071,4,3,365,5489,1263937362629925,114,3362120143097957,296,378488346818983,Y,816,8
1917788476,1,葉飛,1,077/06/19,希臘,4462,3,1,205,5180,1332215744740833,957,5204293753824663,981,3572515280242263,Y,292,0
6427378835,9,馬馨儀,0,022/07/20,聖露西亞,64018,4,4,664,5390,8615668987867174,956,1907311679545083,114,180097484853799,N,11,0
3537253045,1,劉欣怡,1,066/05/23,瑞士,45933,2,5,605,166,7045021453682531,887,8136511042527579,79,180012199730901,N,389,9
5635871093,2,尹宜君,0,098/10/18,阿爾巴尼亞,16142,1,5,330,2375,4799425870406663,440,6111483515726210,863,4230108706303273,Y,418,1
1267547211,4,王建宏,0,087/01/18,烏克蘭,60104,1,3,834,9835,7956516817812742,36,6904603178012236,979,5518699631375899,Y,502,9
3354346369,5,冉家銘,2,087/08/12,巴貝多,57553,5,2,909,2074,273287700426137,654,6279575553735093,982,6550605327400518,N,87,1
442053512,2,彭淑華,1,031/07/10,納米比亞,1363,2,3,791,1832,7165922226791189,326,7087497323118239,500,30215749008015,N,987,9
7786878560,1,仲承翰,1,061/11/04,聖克里斯多福及尼維斯,34763,9,5,597,6368,3476295837700638,458,1655120644598969,857,3501399849897693,Y,621,0
9803215385,3,彭淑芬,2,051/12/16,突尼西亞,46453,1,5,502,9091,5882904688975809,154,7385354936632770,483,373486620391227,Y,166,0
5174272562,4,董飛,2,078/06/09,百慕達,77552,5,1,490,2177,2100776020724389,522,9422661017547538,232,4134300177428964742,N,120,8
2844573709,3,賈惠婷,0,045/07/11,沙烏地阿拉伯,48674,3,4,863,5551,9988446149692873,805,6172448533495351,102,213136746950364,Y,514,1
7505703771,3,張婉婷,0,100/04/29,喬治亞,91664,3,3,569,8770,292315360246619,420,725264676623610,371,4034291557142335,Y,505,1
772660764,5,譚哲瑋,2,023/03/08,聖多美及普林西比,23431,1,2,173,5852,2737941855505350,153,9229714930540660,702,30255585042256,N,509,0
1657911887,3,馬羽,2,037/10/27,卡達,85997,3,2,229,5269,6890887326087889,29,5737528502055109,746,6544123462984212,Y,475,8
9522456855,3,官龍,2,102/01/29,衣索匹亞,8460,9,5,395,434,1717609529255783,381,2525994020159630,515,30292971632796,N,311,9
1168132787,9,白郁婷,2,089/03/12,尼泊爾,86079,2,2,332,5775,506712789419459,482,7103336278032889,534,4295836991357156,N,504,0
8548810034,6,遊欣怡,2,087/02/18,汶萊,78499,4,3,519,3405,7239097930283634,545,1672494469513106,843,3570549836749044,Y,756,0
4356600629,9,曾淑玲,1,043/08/30,百慕達,53361,3,1,707,9433,5135205047686380,583,3681729469577265,376,2297042789840592,N,262,9
2912902695,3,張佳樺,1,070/10/31,寮國,56934,3,3,157,340,1385989321336564,583,2045361611726020,944,180088025237667,N,976,8
1949101173,2,吳俊宏,1,097/06/07,貝南,50445,3,5,560,5924,2116430829380394,807,2789827162742846,368,3558053194156104,N,471,8
1451022144,1,劉馨儀,1,036/08/29,巴林,26441,1,2,192,3909,9109573430923355,320,8580747249502560,59,4155899687506873,Y,372,1
2814746613,9,向欣怡,1,016/06/25,敘利亞,40507,3,5,521,8891,7799233847333631,589,9096781106651808,25,4355318940131,Y,31,9
4361935553,6,張雅文,2,030/12/16,塞浦路斯,30614,4,4,186,2354,1251682691835704,208,5506007776457710,259,2336296436188218,Y,596,1
9183285157,2,張婉婷,2,057/11/18,百慕達,57978,9,3,401,3748,1759481262790034,401,1662590204001858,291,676292629984,N,642,8
6703160763,2,楊佳樺,1,099/11/20,巴布亞紐幾內亞,53055,3,2,878,913,721789926447499,938,4092473024893814,148,30207293851916,N,518,0
6318292411,4,阿佳慧,1,022/12/06,馬拉威,66158,1,2,519,3110,1098532047956299,792,9474503471668763,134,6509289578710180,Y,907,8
4023682751,3,景宇軒,0,073/05/14,智利,82590,1,1,170,2783,5045951416087461,649,1621314142694626,765,4395966948492266,Y,328,8
7927774937,1,晏傑克,2,012/01/26,希臘,61852,3,5,75,4556,7450093178635617,372,8829559486234979,713,4486086171481190711,N,599,9
9416898848,4,秦淑娟,2,051/04/05,愛爾蘭,42154,4,3,247,195,6490875570199282,625,6054085939695892,330,376486380141884,N,703,8
8124176007,4,張雅涵,2,039/07/26,韓國,72611,4,4,41,293,9784586508848092,541,896084146762226,110,676240670635,Y,504,9
3825768642,4,曾惠如,1,070/06/21,盧安達,76138,4,4,920,5653,7334154496010712,39,1530688905378420,704,4775308209160813,N,913,9
8699303290,4,楊淑玲,2,021/12/30,緬甸,84506,5,2,826,8689,9758869434265607,724,2146495115872961,695,180024206216444,Y,779,8
2679261927,6,麻美玲,0,053/06/07,百慕達,82598,2,3,841,394,4619671304187979,365,6149303588998280,423,3519185064956276,N,507,1
2311224538,6,徐雅慧,0,081/07/31,印度,54228,2,3,149,4241,5562957460849729,968,3367009930191682,203,4785098042261606856,Y,630,0
8814869460,5,蘭雅慧,2,067/05/18,印尼,18315,1,4,185,9721,2671602192214777,267,9166445664220930,116,349863115658230,Y,482,8
3282046276,3,彭庭瑋,2,051/11/27,阿爾及利亞,63298,5,4,872,5243,4452504893071285,61,889303515471167,383,376556297563493,Y,539,0
5342633553,6,徐佩珊,1,081/02/09,匈牙利,65952,2,2,115,4425,7972917815301658,487,8705683408447614,272,30326828848849,Y,655,0
1205986535,5,劉冠宇,2,023/07/13,摩爾多瓦,38258,5,4,306,8398,4577750217064375,296,9397056067536872,594,4839333157097825437,N,177,9
6909837252,4,李佩君,1,021/07/07,肯亞,76218,1,1,25,7230,8204410254893936,865,8081372352084816,359,180072116573768,Y,824,9
3259773112,1,韓淑慧,0,093/07/25,冰島,4741,1,4,712,3440,5300258597914077,231,3012332451366074,70,374579621608018,Y,774,9
5462662033,5,吳詩涵,1,030/05/17,埃及,52901,1,3,758,1293,8190435215087326,441,7739830566045163,667,501899959206,N,221,1
2833001477,5,張怡萱,1,035/08/20,法屬玻里尼西亞,23973,4,1,675,3888,8478540994908854,601,2347514096661762,947,639084420954,N,644,8
7094954919,2,黎沖,2,060/02/18,摩爾多瓦,72836,2,3,35,2937,4450876220648911,618,1771598728943633,365,3519162458485386,Y,431,1
7105420152,6,苗承翰,0,030/09/09,突尼西亞,75123,4,3,129,197,6025608221642317,739,3887708385164366,581,4057377673611378956,N,610,0
3169488128,2,李嘉玲,0,014/10/26,史瓦濟蘭,59973,5,2,356,2749,4864041892349382,178,6672814600531246,651,370461013857269,N,395,0
5398692856,2,孫怡伶,1,045/03/16,香港,87835,5,2,726,6783,4833936279220434,48,692153270823315,175,2240301806908073,N,196,9
5547589860,6,陶婷婷,0,021/04/09,蒲隆地,83907,5,5,899,794,5411611214921085,624,1616189865809394,894,30180024670071,N,938,1
3525769272,1,林怡安,2,056/07/21,聖文森及格瑞那丁,78708,3,4,582,5408,8500134296400633,67,6274791876891498,527,4841984607762197015,Y,841,8
2372667895,3,歐佩君,0,048/06/04,聖多美及普林西比,93252,4,3,984,8734,907025526777637,133,812806305031046,818,4499492289544966,N,121,9
3307547276,5,鄧俊宏,0,051/04/05,埃及,1535,5,2,894,2352,582931776272326,388,412856370216205,880,375652829070593,Y,90,1
5460100215,5,江志宏,2,039/07/14,斐濟,44801,4,2,830,550,3362575360114781,438,5302071995911144,462,575412252265,N,163,9
4570846543,1,潘淑娟,0,076/04/10,泰國,7915,9,1,211,3344,2642765992936993,441,4261431152946643,239,4546946380768413,N,996,9
5367218940,5,李家豪,0,042/05/31,斯洛伐克,96440,5,1,148,4494,7305397371182000,743,2020538388360706,38,36183021550159,N,779,1
1642055408,2,李怡萱,2,035/03/19,查德,57046,5,1,980,9272,8155290785043481,268,4512607304917970,712,3591671175161154,N,896,9
216035208,6,黃雅琪,2,047/12/28,阿路巴,37533,9,4,319,6520,1027187212861689,427,9207999878678873,238,30286552335167,Y,913,1
6699485772,2,林欣怡,2,061/09/20,馬其頓,45048,4,1,200,8883,8290432860256107,892,2375206796111584,140,4128136913833956077,N,675,8
1092470752,3,張俊賢,1,074/07/29,美國,47481,3,2,779,6488,5754339180846545,674,1726944233013847,407,060484342369,Y,370,0
2484740962,1,何佳玲,0,047/08/07,格瑞那達,76754,5,4,261,2677,2571166177400474,812,8684559932672321,902,4574481894046105155,N,231,8
606306181,4,李佩珊,0,091/08/02,愛爾蘭,59311,1,5,568,2565,2942639150496633,812,6172902803627823,876,2708636708614096,N,487,8
7318784456,6,梁家瑋,0,068/02/26,捷克,46023,9,1,908,1389,7659081628331656,115,5805559189598612,875,3575213370507095,N,777,1
8275974229,2,李佳樺,1,106/05/16,哥斯大黎加,51984,2,2,638,9549,3105372134394385,127,6518982667000810,262,3536459333594070,N,961,8
1685420718,9,樂惠婷,0,022/07/18,阿拉伯聯合大公國,61075,5,2,94,5057,6210863748569537,413,1464649148783516,117,3542832128134652,N,137,8
8862650294,3,徐心怡,1,069/09/24,柬埔寨,6192,4,2,291,1140,4812793587554855,575,8644088927969029,854,213179658113472,N,686,1
3855845511,4,周家豪,1,055/01/18,捷克,74976,1,3,150,5923,2591327631547386,28,2385346597279391,326,180077252024484,Y,956,8
9996244525,3,莫佳玲,1,045/04/15,希臘,20995,9,5,81,8246,7535651945176991,625,7474552637461796,134,346070622673198,N,353,0
124257507,6,李龍,0,062/01/02,葉門,95544,2,3,928,5885,8137019123483267,75,1017535730634398,908,3526765916715177,N,768,9
8303134400,3,羅冠廷,1,026/04/02,史瓦濟蘭,25462,1,3,167,3220,9211111668373994,913,8907473270593045,415,180056162828465,Y,513,8
3130817331,6,王佳蓉,2,091/11/13,瑞士,3441,3,1,185,5798,2169156028404300,416,17473563888723,820,213126801387131,N,721,8
1353834565,1,邢冠宇,0,074/04/03,波蘭,85286,3,3,906,2273,3950061528877696,721,7597399114305124,572,502076479679,Y,113,1
6339610841,3,幸中山,2,060/04/10,英國,21913,4,2,126,1655,2839978659077302,35,9662311431002274,61,3583208139543043,N,594,9
1506753952,6,楊承翰,1,097/02/17,冰島,98172,9,1,807,6576,2092773327527972,404,9513704423145649,929,565791503545,Y,559,1
6533942848,5,劉家瑜,0,083/07/21,維德角島,39705,1,2,209,2295,9653337249795825,102,1718386739649319,574,4627071957862788,Y,317,8
6750157871,5,陳信宏,1,063/11/14,尼日,98200,9,1,785,118,2686227394787091,907,9821071069783814,871,4933507790721771,Y,291,1
9932316741,4,龍宗翰,1,095/01/16,哥斯大黎加,28131,3,4,909,8224,1387443298537596,213,4138421036489008,650,30258318257183,N,351,9
5903821507,2,唐依婷,2,099/03/30,阿拉伯聯合大公國,20693,3,3,579,5501,3643393074394062,671,3079103368340075,480,2720331849086321,Y,866,8
2428904649,4,李淑貞,0,084/04/15,南非,68630,9,5,561,3454,8204734473061648,54,6349029322060328,330,6560276697029549,N,630,9
8606863214,6,薛志豪,2,060/06/26,宏都拉斯,9172,3,2,560,4956,7914661241676219,301,7231867534506252,217,6550759007767082,N,951,9
5820459946,6,朱家瑋,2,094/03/09,巴拉圭,18848,5,3,43,1397,2871051657722839,856,5447225048464222,415,6011956356493871,Y,779,0
361413792,3,王家豪,1,018/11/07,尼日,45252,1,2,928,6843,7860948939671372,511,8336077279793361,690,4811010818389,Y,574,9
8521057863,6,朱佳慧,2,088/04/07,克羅埃西亞,5157,4,3,138,9714,193693734441648,827,2980495014607733,49,3540099163408357,Y,875,9
3735406091,2,許宇軒,0,109/04/17,亞塞拜然,75340,5,3,382,7289,6541433365289085,420,2118063390328747,684,3510436133073851,Y,307,1
8322163367,9,徐俊傑,0,033/02/09,索馬利亞,43630,2,1,654,3307,4176523555335320,690,6604662764841482,713,3593849784116243,N,32,8
2698249121,6,楊雅芳,2,035/05/23,印度,4435,9,2,868,1191,5319198024915587,605,3227005861213160,337,3536671905603960,Y,474,9
2798327747,4,魏佳穎,0,080/03/23,剛果共和國,19487,9,4,720,8862,3892303864814716,512,662932418761423,788,180061285333328,N,53,8
1801705682,6,翟沖,0,095/05/12,摩爾多瓦,9697,5,5,597,3248,7668733388262522,198,7861029187425612,79,180068653206424,Y,19,8
5549237239,3,王惠婷,0,020/04/20,不丹,99954,1,5,960,7804,2770510330120326,19,5471535555362904,749,2254706468042578,N,732,9
6810671428,2,謝琬婷,0,047/09/15,喀麥隆,63736,5,4,332,6517,9988946508809678,426,3650401080693273,841,6011604177636514,Y,296,0
8245159110,4,徐俊宏,2,105/02/21,比利時,10403,3,2,66,2161,7611283533451101,235,7052567751370125,400,4968517327238452,Y,875,9
6214978894,2,屈慧君,1,060/10/06,茅利塔尼亞,42256,2,5,222,8315,6028963456495913,376,3907403283388220,887,213185157269947,N,790,9
1038759497,4,吳怡婷,0,025/11/17,波札那,40970,1,2,561,8215,8634630459363519,90,5433612048046202,210,6011313351161931,Y,159,0
8336522972,5,朱怡君,1,065/09/17,烏克蘭,4666,3,3,503,8286,3383653845848648,967,1698472565013851,503,4310911826572872,Y,129,9
1144843530,3,蘭淑貞,0,061/03/29,菲律賓,36383,2,4,672,4078,5776204846948334,367,7280962945307250,526,180018628994679,Y,302,1
5499497583,9,徐雅琪,2,037/05/27,布吉納法索,70761,4,2,260,6198,7339872271349117,584,9763754522876438,667,4866694632159806182,Y,9,1
3414442617,9,唐志偉,1,097/07/02,尼泊爾,32178,4,5,961,3717,9696079959557675,816,5881899428485805,194,4103825839670658,N,918,9
923443920,6,戴淑華,1,091/06/13,印尼,73965,5,3,168,2631,9244535890388349,17,9117049503880996,385,4727544233139245785,Y,758,8
6701818850,5,齊佳玲,0,103/07/15,香港,23213,1,5,793,7593,9690524776421700,441,3206444516557960,920,4463158379431248,Y,807,8
1229909116,2,禹家瑜,0,036/01/02,希臘,54864,4,3,599,5715,336280895583647,172,2676362009073147,164,4362777101701925,Y,37,9
9683099196,6,劉沖,1,082/01/04,新加坡,13179,1,1,191,2305,322580188852554,262,6650727263306700,418,3547974895282010,Y,221,8
9616805377,5,陳家銘,0,052/01/02,馬其頓,71281,9,5,667,8360,9102876001977309,859,1640511698865875,763,4747931940115443,N,809,1
1867068624,5,初雅琪,1,086/07/11,阿路巴,7299,3,1,325,2693,2463162031764200,462,8830034156450166,978,378679651322823,N,306,0
6278211435,6,朱雅玲,1,106/04/04,阿爾巴尼亞,75297,9,3,8,3104,2358030242111299,694,5546930683427834,113,4089197132647164162,N,159,8
1119338888,6,施冠宇,1,018/06/15,巴貝多,6129,5,3,239,7679,2800217320805976,656,9346071001215896,819,578707257486,N,300,8
9294482333,1,姚琬婷,1,044/08/16,維德角島,50479,2,4,301,2898,7830459856728811,574,7324028287621508,564,6593341909417303,Y,240,9
167962152,9,李信宏,0,096/07/31,印度,90719,4,5,634,9113,5711725261832726,2,8574326095105063,37,3570523065960820,Y,684,1
6853704545,3,李冠廷,1,027/07/30,愛爾蘭,56518,1,5,455,2120,5226710136222930,572,2052956198571460,356,38430564059595,Y,268,8
8707254304,5,劉淑芬,1,024/10/26,肯亞,67611,4,1,733,70,8414599471764917,34,7914480369975601,249,4898040397385,Y,923,0
5119487432,1,盤中山,2,038/05/26,阿路巴,27682,9,1,654,9570,4033143296509082,891,9085375677820903,518,3528074341621789,Y,906,8
1819000538,1,範宇軒,0,103/07/15,秘魯,416,3,3,696,6278,8164730317905904,394,9894538702572126,267,3507608474775667,Y,773,8
9536329555,5,葛惠婷,2,080/08/05,瓜地馬拉,65034,5,2,204,3352,6847523220461434,14,3476027075639737,636,675999041568,N,681,8
8856522185,6,劉怡萱,2,082/04/27,安圭拉,27512,9,5,897,7927,5464813462443197,92,1991502123335421,887,6011500045657163,Y,182,9
9850927544,6,陳怡婷,2,080/06/14,保加利亞,40559,4,4,146,5964,5558143653772153,823,1536522375586600,889,346825880202521,N,40,8
8609900257,9,劉依婷,1,025/08/05,烏拉圭,77660,9,1,963,6852,5157607405280128,956,1289970439998101,366,4088365132837,Y,198,0
3647976528,9,董佳穎,0,078/02/21,巴西,11804,2,3,138,1780,7628611363719960,660,9076895003386126,191,3515203716190543,Y,52,9
2320139972,9,李雅文,1,021/09/30,烏克蘭,92448,5,2,603,1958,4142929716941217,178,5487714003641237,365,6538328432866666,N,889,1
1138484393,6,王家豪,0,062/02/24,馬爾地夫,76713,3,5,17,3515,500877083217896,124,1312044132430033,105,4600298283608459,N,828,1
8466294973,1,楊詩婷,0,101/11/19,肯亞,48214,5,2,328,1375,451252417599544,486,8119503186577358,565,4874682897137873,Y,794,8
9868633547,1,鐘家銘,0,066/07/21,德國,66672,4,1,848,7217,6268274232525520,597,4763034226461050,329,30105716624342,N,758,9
297753437,2,陳家豪,0,097/01/27,巴拉圭,14434,2,3,417,9573,5578110790082539,169,1181637135799992,737,3519262343901033,N,603,8
4651452245,1,尹馨儀,1,039/10/13,葉門,76852,2,1,205,3179,909140951109440,95,1132445190599059,996,30459153791746,N,611,9
5118615354,4,丁慧君,0,072/09/18,瓜地馬拉,69064,4,5,72,5795,5285733105151437,905,7794897564538269,747,4754860898723,N,592,1
3744166352,2,段懿,2,020/01/03,泰國,87415,3,3,656,6740,1222880887746928,576,698694633146931,622,4882970992831338,N,209,9
9629065664,6,魏靜宜,2,058/07/16,俄羅斯,87704,3,5,834,8327,9670866616373094,77,2551989444986691,769,213158769498782,Y,164,9
3722787277,1,李俊傑,0,030/10/13,敘利亞,21681,1,4,677,1742,1481475415625990,61,6969062497122869,773,6011747074537135,Y,226,9
2767439557,9,陳思穎,1,043/12/20,阿路巴,1124,9,2,536,9661,2861876178360339,304,2643676639278675,214,379160748213753,Y,847,1
7193923195,5,余雅涵,0,033/10/10,埃及,63556,1,5,77,843,3568219204524949,217,4059964859472208,352,4201131177680339,N,728,8
4675789530,4,李飛,2,052/12/13,柬埔寨,93771,5,1,733,8097,7205054195724580,585,7825420026628751,869,213130253800526,Y,424,1
4715864357,4,徐惠雯,1,020/06/06,烏拉圭,7917,2,2,837,323,8880500795262526,821,7649891804416601,283,4460362624087481,Y,557,9
3469565945,6,李傑克,1,108/05/11,智利,96930,1,2,947,9831,491262974833206,441,7956362006966416,596,373840152716427,Y,443,1
2062822289,2,鄧庭瑋,1,104/01/03,奧地利,84396,2,5,423,300,9166213652254263,303,3805271019658612,483,3505520714678704,Y,388,1
4119449908,5,覃淑娟,2,028/09/06,斯里蘭卡,85288,1,2,415,9158,6039366387577431,907,4850017303248807,79,6011112808000597,Y,83,9
4290455821,3,陳惠如,0,049/01/24,西薩摩亞,81578,4,4,5,2277,7320791449267831,438,2954322958682244,180,3501015206143030,Y,713,9
4960728203,9,劉怡君,2,014/01/06,象牙海岸,16407,9,2,514,5972,7541131405695918,442,6897217805794220,146,3539424125815114,Y,134,8
6038386489,3,馬雅文,2,011/02/05,波蘭,79922,1,1,213,8283,3358395585943472,649,8176873502458364,152,5485452411160613,Y,422,9
4854550829,9,康佳樺,2,035/10/06,牙買加,58237,9,1,430,5406,8179312238240205,888,823218189588443,97,3577824285676219,Y,570,0
1111364371,2,李宇軒,0,079/05/17,貝南,52371,3,1,316,6967,7540287443336494,692,3200364116267467,267,4727664944253654,Y,680,1
2897331556,2,吳飛,0,031/06/13,日本,90563,3,1,931,5314,9365084531670964,906,5294954686468833,939,6011117907731943,Y,873,9
2545876884,2,譚志豪,2,074/05/11,瑞典,76135,9,3,574,2482,2859620697774106,983,3494867389464057,701,180092032524893,Y,533,0
4544024966,9,施怡君,2,097/05/28,荷蘭,18781,4,5,101,1270,3655953444303953,104,1043625702106972,472,3586295023183710,Y,300,9
1105141822,6,閻淑芬,2,098/04/27,法國,18861,3,1,288,3236,5791610188623909,952,4130530762591905,429,340251091037893,Y,573,0
9671811460,6,陳龍,0,068/01/27,加拿大,63780,3,5,959,8074,3633992070413077,94,1594296650665693,16,180068588790443,Y,27,1
7934867071,6,王佳蓉,2,050/03/20,索羅門群島,16422,9,5,95,5063,1513602228111158,270,1592443693505055,455,346172836825661,Y,620,0
9596131153,9,王中山,2,031/09/09,布吉納法索,81589,2,3,325,845,8635506412429744,242,4021035249074811,60,502056913952,N,425,8
2176589856,9,朱淑貞,0,073/06/09,法國,91605,1,3,393,3558,8252876013503437,93,7650877508350135,485,5449079420391064,N,455,9
3883916470,1,張筱涵,1,080/03/21,盧安達,40636,2,1,225,5402,6211379105114902,999,88629535694957,391,4178547203125,N,215,9
794404735,5,黎俊傑,2,102/04/29,斯洛伐克,86877,1,4,131,3148,9884266899791924,281,7304051631526273,245,36425987927016,N,661,0
7586249858,9,田雅萍,0,022/08/21,智利,84663,3,2,384,7974,7287564029240588,599,9889707935821742,930,4806724451906138,N,965,8
3090751501,6,練思穎,2,025/11/09,泰國,32839,4,2,870,6238,9317608149808299,573,7107130839001926,341,4803650913313147,Y,283,0
904701890,5,吳惠如,2,087/07/12,巴拿馬,72889,2,4,437,3631,9513537297846027,843,7405833846895419,67,4163016551253,N,967,9
5270930748,3,司佳玲,2,101/11/21,葡萄牙,7933,4,2,933,5786,6306201063115100,286,6336815480724750,838,4611845804103076,Y,359,9
7167787165,3,楊俊傑,2,080/10/06,格瑞那達,74274,5,1,198,8746,4718903897725705,304,3145787340388654,887,4126697167708423,Y,358,8
8515006133,3,譚懿,1,084/02/01,科威特,21660,5,5,531,4284,1661380097616244,844,1212288178664414,650,3549156451754925,Y,942,1
7702951008,1,師淑貞,0,072/10/31,馬爾他,41423,5,1,457,8401,6575943322037858,970,386209290655360,278,4496355534093622780,N,50,1
9561173220,4,任瑋婷,0,018/08/06,維德角島,61624,4,2,749,9012,9390027323713522,681,9872995929299769,24,2465233742847982,N,406,9
2275597300,4,顏龍,0,057/06/10,斯洛伐克,9912,2,1,439,9164,1240557014120493,760,892486254628976,948,4885777667163,N,707,9
9625034893,4,謝俊傑,1,073/02/21,葡萄牙,64811,2,3,53,9581,1763463402592275,907,1028309495352427,805,30136719484194,Y,973,0
2019868381,9,顧婷婷,2,083/06/25,蓋亞那,13315,5,4,956,4544,6614068052852434,137,3257980954861357,156,4607980101688002,Y,181,0
2883964738,1,黃瑋婷,0,012/06/21,哥倫比亞,21853,2,2,597,3060,9018360779209740,494,7437569081559553,828,4581050196750916629,N,842,0
5407607254,1,丁信宏,1,103/05/10,捷克,64868,1,1,306,450,5549493582309338,938,4250898284178995,768,4606098674063932,N,219,9
1897910119,5,母宇軒,1,048/11/19,土耳其,74813,9,3,60,904,2447957441435007,470,1935408033044103,211,3520869346491080,Y,5,0
9624347097,9,吳庭瑋,0,052/09/14,貝南,97666,9,2,363,8466,2701409384182093,269,6144594836623547,764,30085845262000,Y,256,9
7609929668,1,高雅涵,0,095/10/18,新喀里多尼亞,69244,1,1,51,9052,2379417139640273,262,4488197148356903,564,4399407716101,N,602,1
2862572235,5,葛雅芳,2,019/06/18,巴哈馬,6901,2,5,846,5163,7823646726089915,987,7319450213690548,233,378655964422898,Y,79,8
6649544836,1,朱雅雯,0,061/12/25,聖露西亞,45538,3,1,847,8992,5351729162719594,784,9071573694577046,706,4429401987011645,N,445,9
7756826956,5,曾怡伶,1,093/06/16,索羅門群島,12288,4,5,53,5243,8002851407612177,2,6089018798519606,528,4766595773179,N,489,8
5171107564,3,李欣怡,2,066/11/20,不丹,2792,1,1,808,3960,8336251776740239,714,3241393431554298,633,501828824562,N,803,9
2393593626,3,陳淑貞,2,050/03/04,亞塞拜然,70800,3,2,267,4472,1260109696742146,566,5688319237434353,76,3564331278330460,Y,688,1
273142122,4,施馨儀,1,085/02/18,英國,36591,5,5,192,2153,2432965058966944,300,1492920893515038,114,180023355383682,N,434,8
1156048621,1,楊怡婷,2,067/12/21,千里達及托貝哥,55980,5,5,331,3754,6700537831329988,672,3120360769738506,614,30164852555497,Y,354,1
6671981403,9,王宜君,1,075/02/02,諾魯,9209,1,4,329,4064,5890285211538044,822,4647793582791227,513,4788001493531,Y,267,9
9381602023,2,劉郁婷,2,073/01/15,聖文森及格瑞那丁,46878,9,5,195,9717,934478574136084,0,1668450106022579,580,6567208502073266,Y,95,0
3857967514,4,劉傑克,1,011/11/15,聖露西亞,47613,1,2,137,1041,5337230245898897,176,7636581224451668,85,4155764896131302908,Y,456,0
5545523084,4,葛俊賢,0,099/10/19,多明尼加,65183,2,5,880,3164,2403731846932830,154,9628610135972335,461,213109790648432,N,608,9
6122690076,4,董雅萍,2,035/07/17,坦尚尼亞,28306,2,3,922,6239,7288757271648839,948,2614795014670652,279,2448145447549121,Y,58,0
5996762842,9,龐宇軒,1,073/04/06,烏拉圭,13324,9,4,463,7110,9392165960794531,232,833670541972308,929,4828514926189525,N,601,9
4031949914,4,李怡婷,1,095/01/14,剛果共和國,4519,1,3,191,9336,5860471964081594,390,68797976002449,565,4730367180567002,Y,305,1
7443176435,2,孫志宏,1,037/12/10,模里西斯,40245,3,1,638,3813,8689488799409349,392,8404531436325848,785,4518380699905523508,N,726,8
672616003,3,姚佩君,1,050/03/31,象牙海岸,91397,9,2,977,1237,5637409662037865,27,1158218266887430,909,5340405882073314,Y,194,0
2258522357,4,杜佳樺,1,060/07/12,聖克里斯多福及尼維斯,81928,5,3,469,4049,4335280378522403,448,227155013123112,284,4662583437434331,Y,626,0
8308913733,4,張俊賢,0,061/11/27,希臘,25080,4,5,508,4356,6096945281930543,836,4474520967376925,571,213107164615334,Y,734,0
5810974231,3,項冠宇,0,106/03/17,孟加拉,24347,1,4,741,6707,49406456830375,343,3312564833053561,350,376928205364969,Y,109,1
6137066770,3,彭淑貞,1,037/12/16,約旦,73956,1,5,548,5737,1004005333117906,247,2008414416694616,779,4788167855693609,N,368,8
1287845362,6,汪淑玲,1,081/07/29,加彭,24959,9,4,47,3017,9004162614605261,436,1992027085386700,616,2389312274903703,Y,593,0
7439979035,3,黃雅萍,0,109/12/27,奧地利,75799,9,5,661,4790,3676460637172164,340,5712164302144944,958,5487108873977419,Y,530,1
9782744489,9,張佳蓉,2,052/11/07,法屬玻里尼西亞,3267,1,4,475,6996,5279036866767758,74,5461581943105477,21,38805955300288,N,527,9
7414961740,2,羅宜庭,0,047/02/13,墨西哥,38138,9,1,494,1755,5798332553760678,370,1980554266527991,174,630447858147,N,293,0
1433070154,4,高雅婷,0,069/07/29,丹麥,85723,4,3,822,8444,6484204019120355,175,2113617429362348,647,6011541648231733,Y,443,8
7998948515,6,陳婷婷,0,090/07/08,巴哈馬,66510,3,2,462,5292,9616602200670378,32,8102805822781169,533,346675596435612,Y,481,0
6025743861,4,黃雅玲,2,041/10/23,沙烏地阿拉伯,30659,3,5,617,1596,5542255266134467,358,997495478398423,854,4109687634829382,N,994,1
222869187,1,王沖,1,010/04/20,多明尼加,54768,1,1,170,898,8248744155040453,874,9547662297983138,687,3500013925036172,Y,499,8
3353233503,6,彭淑芬,1,034/11/28,亞美尼亞,24250,2,3,971,7390,462464240261063,381,7168005206161767,157,30411845138588,N,252,0
3032607618,1,陳中山,2,037/03/28,比利時,15952,4,3,214,5703,7697611535971658,916,4090156738131641,121,340774286476592,N,976,8
1111204499,4,李佳玲,0,068/12/10,汶萊,80974,1,3,694,9743,3122105074899648,468,9851081736720781,935,5301835558300400,Y,442,8
1722050534,1,尹雅芳,2,026/02/27,哥斯大黎加,44297,4,2,794,7654,6427506390209179,379,9874684589045754,568,4083173009691096758,Y,840,0
5265239738,6,李承翰,1,040/02/06,馬拉威,27822,9,3,352,8065,4752195930541298,236,5732848007529977,699,377783216695946,N,984,1
3519592158,4,黃雅玲,0,050/04/18,不丹,67978,2,5,162,3357,3134288534461824,73,6372934708921679,673,6011471053805013,N,292,1
5148028052,1,盧佳玲,0,044/01/26,馬來西亞,66083,5,1,473,1410,9842464778547813,672,7249465650490335,728,4335375269392,N,222,9
9007970605,3,向柏翰,0,094/09/14,白俄羅斯,15242,1,3,101,9501,8110218719744216,637,9133229012177980,782,213134413673401,N,422,8
9742711683,2,饒佳慧,0,050/11/15,象牙海岸,31661,5,4,693,7794,3061193006913827,648,8120267383134220,581,4171122218356779,N,459,0
8480012759,5,關建宏,0,109/05/06,直布羅陀,678,2,5,36,9953,4301688778138440,226,874375934898683,443,676217698726,N,196,8
162017786,5,王家瑋,1,105/02/04,尼日,89782,1,1,319,8816,551700999968240,294,5397936404806681,582,4296163269119211,Y,335,8
5749578754,6,宋嘉玲,1,011/03/18,約旦,20352,2,1,645,3982,8448207618683116,222,3903557665029436,549,4782318061200392,N,34,9
1520410998,5,賈慧君,1,058/04/19,茅利塔尼亞,53601,2,1,740,9340,3962397893139462,62,8004397647000384,820,180036951941331,Y,987,9
6962475471,4,倪淑華,2,014/08/15,厄利垂亞,15008,9,1,977,9762,2298737778568936,300,3807438952879223,79,4047677217079716,Y,843,9
217776024,2,熊馨儀,0,050/07/13,索羅門群島,62579,3,5,2,730,7732876021838729,938,1964180267387677,957,3511710566405924,Y,649,1
5681149213,4,劉家瑜,0,046/02/15,馬利,4528,3,1,360,1836,2657342576638435,353,5540709222824907,483,3548990678191433,Y,307,1
8101014047,1,李冠霖,0,082/04/26,馬拉威,5063,3,2,65,7132,8581726657264489,80,9699019352334207,406,180024004778207,N,580,1
7001007349,4,朱雅文,1,076/12/21,比利時,1571,9,2,763,4070,1658504570457498,450,2437762151040737,283,5531531180148018,Y,102,9
6019398244,5,李俊宏,1,057/07/18,丹麥,16570,1,5,544,7846,7233154854223156,724,1949444117508293,877,639086205551,N,195,1
4134974200,4,匡宜君,1,063/11/11,芬蘭,51371,5,5,972,9533,4519199192065343,132,5967124546361230,297,213124725546643,N,826,9
9750133446,5,楊淑玲,2,096/11/14,南非,18833,4,5,64,2162,424089626328324,294,1620332007891055,135,3593216070138150,N,348,8
4673836625,1,孫淑芬,0,017/02/19,開曼群島,91293,5,1,837,7375,8886835185262300,72,2977118583123672,476,676321662873,N,823,1